ct,n,h,td,val
ELECTRICITY,GERMANY,1,1,71.12948513769314
ELECTRICITY,GERMANY,1,2,60.8611335560097
ELECTRICITY,GERMANY,1,3,60.77963257409975
ELECTRICITY,GERMANY,1,4,58.14697043837259
ELECTRICITY,GERMANY,1,5,62.13020650757024
ELECTRICITY,GERMANY,1,6,56.19228285085674
ELECTRICITY,GERMANY,1,7,56.61978600190762
ELECTRICITY,GERMANY,1,8,56.56202586954826
ELECTRICITY,GERMANY,1,9,57.78085398978078
ELECTRICITY,GERMANY,1,10,67.490752743792
ELECTRICITY,GERMANY,1,11,57.71761949126935
ELECTRICITY,GERMANY,1,12,67.85571710462852
ELECTRICITY,GERMANY,2,1,70.54080635943185
ELECTRICITY,GERMANY,2,2,60.2314140772885
ELECTRICITY,GERMANY,2,3,60.3817915266815
ELECTRICITY,GERMANY,2,4,58.22260166879953
ELECTRICITY,GERMANY,2,5,62.13868126186872
ELECTRICITY,GERMANY,2,6,56.52912383873636
ELECTRICITY,GERMANY,2,7,56.67531169709279
ELECTRICITY,GERMANY,2,8,56.59995539410149
ELECTRICITY,GERMANY,2,9,57.80934302854575
ELECTRICITY,GERMANY,2,10,67.66711617441096
ELECTRICITY,GERMANY,2,11,57.26900092183645
ELECTRICITY,GERMANY,2,12,67.4738171338404
ELECTRICITY,GERMANY,3,1,70.53275738289452
ELECTRICITY,GERMANY,3,2,59.93808869957736
ELECTRICITY,GERMANY,3,3,60.5235105293557
ELECTRICITY,GERMANY,3,4,58.70127338084002
ELECTRICITY,GERMANY,3,5,62.67850116255092
ELECTRICITY,GERMANY,3,6,56.99126073635831
ELECTRICITY,GERMANY,3,7,57.26860989481568
ELECTRICITY,GERMANY,3,8,56.88693058004759
ELECTRICITY,GERMANY,3,9,58.16199263989439
ELECTRICITY,GERMANY,3,10,68.37250499582768
ELECTRICITY,GERMANY,3,11,57.10935058297002
ELECTRICITY,GERMANY,3,12,67.6091283615828
ELECTRICITY,GERMANY,4,1,70.76818994618515
ELECTRICITY,GERMANY,4,2,59.97389551103875
ELECTRICITY,GERMANY,4,3,60.72745853046661
ELECTRICITY,GERMANY,4,4,60.09952657611695
ELECTRICITY,GERMANY,4,5,64.29344273663767
ELECTRICITY,GERMANY,4,6,58.43738668896864
ELECTRICITY,GERMANY,4,7,58.5327970252772
ELECTRICITY,GERMANY,4,8,58.6733314976455
ELECTRICITY,GERMANY,4,9,60.02417028033602
ELECTRICITY,GERMANY,4,10,69.82787660718634
ELECTRICITY,GERMANY,4,11,56.95478358239594
ELECTRICITY,GERMANY,4,12,68.16946423554703
ELECTRICITY,GERMANY,5,1,72.01376909024096
ELECTRICITY,GERMANY,5,2,60.87191470192992
ELECTRICITY,GERMANY,5,3,62.09571444373029
ELECTRICITY,GERMANY,5,4,63.37794460888226
ELECTRICITY,GERMANY,5,5,65.47378223470466
ELECTRICITY,GERMANY,5,6,61.60922220022042
ELECTRICITY,GERMANY,5,7,61.57235401921098
ELECTRICITY,GERMANY,5,8,61.86888065475285
ELECTRICITY,GERMANY,5,9,63.10377951113551
ELECTRICITY,GERMANY,5,10,73.92785630247835
ELECTRICITY,GERMANY,5,11,56.85546297270216
ELECTRICITY,GERMANY,5,12,69.79521865467169
ELECTRICITY,GERMANY,6,1,75.57141703159836
ELECTRICITY,GERMANY,6,2,63.91795155565702
ELECTRICITY,GERMANY,6,3,65.44412613451132
ELECTRICITY,GERMANY,6,4,65.40301251809738
ELECTRICITY,GERMANY,6,5,67.13970611995006
ELECTRICITY,GERMANY,6,6,63.99811189289003
ELECTRICITY,GERMANY,6,7,64.0086137214232
ELECTRICITY,GERMANY,6,8,64.18898843667988
ELECTRICITY,GERMANY,6,9,65.329611352432
ELECTRICITY,GERMANY,6,10,76.7816081041469
ELECTRICITY,GERMANY,6,11,57.53322279126431
ELECTRICITY,GERMANY,6,12,73.89803753270287
ELECTRICITY,GERMANY,7,1,79.05733852706237
ELECTRICITY,GERMANY,7,2,66.69295151499456
ELECTRICITY,GERMANY,7,3,67.89507724299554
ELECTRICITY,GERMANY,7,4,66.63368313236283
ELECTRICITY,GERMANY,7,5,71.72088623125727
ELECTRICITY,GERMANY,7,6,65.17431816835081
ELECTRICITY,GERMANY,7,7,65.18375864049538
ELECTRICITY,GERMANY,7,8,65.53903370995678
ELECTRICITY,GERMANY,7,9,66.8354525647519
ELECTRICITY,GERMANY,7,10,78.31214712873397
ELECTRICITY,GERMANY,7,11,58.82187697855754
ELECTRICITY,GERMANY,7,12,77.30091058455042
ELECTRICITY,GERMANY,8,1,80.69627932212795
ELECTRICITY,GERMANY,8,2,67.59108242761418
ELECTRICITY,GERMANY,8,3,68.41597976571295
ELECTRICITY,GERMANY,8,4,66.93968892533539
ELECTRICITY,GERMANY,8,5,70.23258954156326
ELECTRICITY,GERMANY,8,6,65.57150127730691
ELECTRICITY,GERMANY,8,7,65.75370699859805
ELECTRICITY,GERMANY,8,8,66.22260842114659
ELECTRICITY,GERMANY,8,9,67.4103725394237
ELECTRICITY,GERMANY,8,10,78.6949928553117
ELECTRICITY,GERMANY,8,11,61.03486082197117
ELECTRICITY,GERMANY,8,12,78.38292711527924
ELECTRICITY,GERMANY,9,1,80.57664813115392
ELECTRICITY,GERMANY,9,2,67.86172829598681
ELECTRICITY,GERMANY,9,3,68.23834222984568
ELECTRICITY,GERMANY,9,4,67.42713079273274
ELECTRICITY,GERMANY,9,5,72.7927860775349
ELECTRICITY,GERMANY,9,6,70.42676639217771
ELECTRICITY,GERMANY,9,7,66.93940962030058
ELECTRICITY,GERMANY,9,8,67.68087176173923
ELECTRICITY,GERMANY,9,9,68.21219932882939
ELECTRICITY,GERMANY,9,10,79.01734143010916
ELECTRICITY,GERMANY,9,11,62.24385742241153
ELECTRICITY,GERMANY,9,12,79.71393583271033
ELECTRICITY,GERMANY,10,1,81.32513824163472
ELECTRICITY,GERMANY,10,2,68.26085414315676
ELECTRICITY,GERMANY,10,3,68.53613647638036
ELECTRICITY,GERMANY,10,4,67.66029402400271
ELECTRICITY,GERMANY,10,5,73.69964629845178
ELECTRICITY,GERMANY,10,6,72.24292677313687
ELECTRICITY,GERMANY,10,7,67.66224915330368
ELECTRICITY,GERMANY,10,8,70.28599057846712
ELECTRICITY,GERMANY,10,9,68.95017715487391
ELECTRICITY,GERMANY,10,10,79.7873819453611
ELECTRICITY,GERMANY,10,11,63.13679327502538
ELECTRICITY,GERMANY,10,12,79.98831539939634
ELECTRICITY,GERMANY,11,1,82.09349116848513
ELECTRICITY,GERMANY,11,2,68.41653836093928
ELECTRICITY,GERMANY,11,3,68.39240648271067
ELECTRICITY,GERMANY,11,4,67.57616742961291
ELECTRICITY,GERMANY,11,5,73.57703168673429
ELECTRICITY,GERMANY,11,6,72.52688036906464
ELECTRICITY,GERMANY,11,7,66.72406600374248
ELECTRICITY,GERMANY,11,8,72.33273505171306
ELECTRICITY,GERMANY,11,9,68.69807709219656
ELECTRICITY,GERMANY,11,10,79.59167494360534
ELECTRICITY,GERMANY,11,11,63.55128085878668
ELECTRICITY,GERMANY,11,12,79.2943296989781
ELECTRICITY,GERMANY,12,1,81.83994833238364
ELECTRICITY,GERMANY,12,2,68.29638165034544
ELECTRICITY,GERMANY,12,3,67.55063917817297
ELECTRICITY,GERMANY,12,4,67.38482375252734
ELECTRICITY,GERMANY,12,5,72.80588047406611
ELECTRICITY,GERMANY,12,6,72.1811678288351
ELECTRICITY,GERMANY,12,7,66.47671292005967
ELECTRICITY,GERMANY,12,8,71.54433106900521
ELECTRICITY,GERMANY,12,9,68.45742850594772
ELECTRICITY,GERMANY,12,10,79.35754056415502
ELECTRICITY,GERMANY,12,11,63.36777793256817
ELECTRICITY,GERMANY,12,12,80.27249653662288
ELECTRICITY,GERMANY,13,1,81.60548936705855
ELECTRICITY,GERMANY,13,2,68.1204758011198
ELECTRICITY,GERMANY,13,3,66.76741405528779
ELECTRICITY,GERMANY,13,4,66.90698987566306
ELECTRICITY,GERMANY,13,5,72.30879794149276
ELECTRICITY,GERMANY,13,6,71.56817077462959
ELECTRICITY,GERMANY,13,7,66.33222252807191
ELECTRICITY,GERMANY,13,8,70.72342230297302
ELECTRICITY,GERMANY,13,9,67.9265827502083
ELECTRICITY,GERMANY,13,10,78.56581974601124
ELECTRICITY,GERMANY,13,11,62.38619089462072
ELECTRICITY,GERMANY,13,12,78.69487186896994
ELECTRICITY,GERMANY,14,1,81.0405678954479
ELECTRICITY,GERMANY,14,2,67.66872902351398
ELECTRICITY,GERMANY,14,3,65.92665224626367
ELECTRICITY,GERMANY,14,4,66.36159327590758
ELECTRICITY,GERMANY,14,5,71.8241567452737
ELECTRICITY,GERMANY,14,6,71.38860491634138
ELECTRICITY,GERMANY,14,7,65.91343961074021
ELECTRICITY,GERMANY,14,8,70.83534260534026
ELECTRICITY,GERMANY,14,9,67.75894430824538
ELECTRICITY,GERMANY,14,10,77.87302347409778
ELECTRICITY,GERMANY,14,11,61.72814995977687
ELECTRICITY,GERMANY,14,12,73.57721265862472
ELECTRICITY,GERMANY,15,1,80.78514264334913
ELECTRICITY,GERMANY,15,2,67.25323594425679
ELECTRICITY,GERMANY,15,3,65.7785651054981
ELECTRICITY,GERMANY,15,4,65.82362965691587
ELECTRICITY,GERMANY,15,5,71.29842250983256
ELECTRICITY,GERMANY,15,6,70.60641667547809
ELECTRICITY,GERMANY,15,7,65.363215990621
ELECTRICITY,GERMANY,15,8,69.5891315759293
ELECTRICITY,GERMANY,15,9,67.2680390673993
ELECTRICITY,GERMANY,15,10,76.82886338998706
ELECTRICITY,GERMANY,15,11,61.49135577274657
ELECTRICITY,GERMANY,15,12,73.28604159290609
ELECTRICITY,GERMANY,16,1,80.68686721008964
ELECTRICITY,GERMANY,16,2,67.04727695215851
ELECTRICITY,GERMANY,16,3,65.82923090585064
ELECTRICITY,GERMANY,16,4,65.6558943303482
ELECTRICITY,GERMANY,16,5,70.94078733156228
ELECTRICITY,GERMANY,16,6,69.98238416881907
ELECTRICITY,GERMANY,16,7,65.19206031030767
ELECTRICITY,GERMANY,16,8,69.42870122327801
ELECTRICITY,GERMANY,16,9,67.09626692176154
ELECTRICITY,GERMANY,16,10,77.05637682128844
ELECTRICITY,GERMANY,16,11,61.7127323622689
ELECTRICITY,GERMANY,16,12,68.70371279091364
ELECTRICITY,GERMANY,17,1,81.80898572819831
ELECTRICITY,GERMANY,17,2,68.40983505767981
ELECTRICITY,GERMANY,17,3,66.95801131106755
ELECTRICITY,GERMANY,17,4,65.62457057921185
ELECTRICITY,GERMANY,17,5,70.28887424486543
ELECTRICITY,GERMANY,17,6,69.83853322365391
ELECTRICITY,GERMANY,17,7,64.81512355274712
ELECTRICITY,GERMANY,17,8,69.3431583468394
ELECTRICITY,GERMANY,17,9,66.70959804641542
ELECTRICITY,GERMANY,17,10,77.1325824616875
ELECTRICITY,GERMANY,17,11,63.5103907090076
ELECTRICITY,GERMANY,17,12,69.30099988380346
ELECTRICITY,GERMANY,18,1,81.37369175910851
ELECTRICITY,GERMANY,18,2,68.71243333817031
ELECTRICITY,GERMANY,18,3,68.6448417105992
ELECTRICITY,GERMANY,18,4,65.79398737019437
ELECTRICITY,GERMANY,18,5,68.25057642029742
ELECTRICITY,GERMANY,18,6,64.96040058550945
ELECTRICITY,GERMANY,18,7,64.46784585441013
ELECTRICITY,GERMANY,18,8,64.27560618612614
ELECTRICITY,GERMANY,18,9,66.19204717530444
ELECTRICITY,GERMANY,18,10,77.82115949863447
ELECTRICITY,GERMANY,18,11,63.34426051034237
ELECTRICITY,GERMANY,18,12,69.6843213124724
ELECTRICITY,GERMANY,19,1,80.42293860377437
ELECTRICITY,GERMANY,19,2,68.2619154995049
ELECTRICITY,GERMANY,19,3,68.26817192937133
ELECTRICITY,GERMANY,19,4,65.654799233255
ELECTRICITY,GERMANY,19,5,69.29474789812919
ELECTRICITY,GERMANY,19,6,64.23341783277827
ELECTRICITY,GERMANY,19,7,63.5893779645719
ELECTRICITY,GERMANY,19,8,63.056074328005
ELECTRICITY,GERMANY,19,9,65.73879215446172
ELECTRICITY,GERMANY,19,10,76.3374214015069
ELECTRICITY,GERMANY,19,11,62.45819554355612
ELECTRICITY,GERMANY,19,12,68.59535917530272
ELECTRICITY,GERMANY,20,1,78.48151202347026
ELECTRICITY,GERMANY,20,2,66.88058814493463
ELECTRICITY,GERMANY,20,3,66.70172168390057
ELECTRICITY,GERMANY,20,4,64.47832349523755
ELECTRICITY,GERMANY,20,5,68.98486407970783
ELECTRICITY,GERMANY,20,6,63.43807896524697
ELECTRICITY,GERMANY,20,7,63.02456880560438
ELECTRICITY,GERMANY,20,8,62.33407270801725
ELECTRICITY,GERMANY,20,9,64.62336249509595
ELECTRICITY,GERMANY,20,10,74.20957048674721
ELECTRICITY,GERMANY,20,11,60.59786131149824
ELECTRICITY,GERMANY,20,12,67.10290179950796
ELECTRICITY,GERMANY,21,1,76.67068669473699
ELECTRICITY,GERMANY,21,2,65.47367651633067
ELECTRICITY,GERMANY,21,3,65.19487497974775
ELECTRICITY,GERMANY,21,4,63.03119741741288
ELECTRICITY,GERMANY,21,5,68.67593725693627
ELECTRICITY,GERMANY,21,6,62.17657502612145
ELECTRICITY,GERMANY,21,7,61.15876020924248
ELECTRICITY,GERMANY,21,8,60.64835952539386
ELECTRICITY,GERMANY,21,9,62.56969382539093
ELECTRICITY,GERMANY,21,10,72.77905963769518
ELECTRICITY,GERMANY,21,11,59.68716170530072
ELECTRICITY,GERMANY,21,12,65.2379674782708
ELECTRICITY,GERMANY,22,1,75.42212147930378
ELECTRICITY,GERMANY,22,2,64.86384350403827
ELECTRICITY,GERMANY,22,3,64.30485221168937
ELECTRICITY,GERMANY,22,4,61.17443643417537
ELECTRICITY,GERMANY,22,5,66.69111571052461
ELECTRICITY,GERMANY,22,6,60.42068378335548
ELECTRICITY,GERMANY,22,7,59.03900814177624
ELECTRICITY,GERMANY,22,8,58.78439433741418
ELECTRICITY,GERMANY,22,9,60.63176885831771
ELECTRICITY,GERMANY,22,10,70.67710846450738
ELECTRICITY,GERMANY,22,11,59.44260285871192
ELECTRICITY,GERMANY,22,12,63.92657951566235
ELECTRICITY,GERMANY,23,1,73.42824697702088
ELECTRICITY,GERMANY,23,2,63.45983664057183
ELECTRICITY,GERMANY,23,3,62.40436896138761
ELECTRICITY,GERMANY,23,4,59.81960481893756
ELECTRICITY,GERMANY,23,5,65.45741845777299
ELECTRICITY,GERMANY,23,6,58.89030654772763
ELECTRICITY,GERMANY,23,7,57.8445353651595
ELECTRICITY,GERMANY,23,8,57.70097295105315
ELECTRICITY,GERMANY,23,9,59.30501756428103
ELECTRICITY,GERMANY,23,10,69.36551488625388
ELECTRICITY,GERMANY,23,11,58.31421347974232
ELECTRICITY,GERMANY,23,12,62.27381417080966
ELECTRICITY,GERMANY,24,1,71.98864849360149
ELECTRICITY,GERMANY,24,2,62.38021603887313
ELECTRICITY,GERMANY,24,3,60.64642701267521
ELECTRICITY,GERMANY,24,4,58.90284067271512
ELECTRICITY,GERMANY,24,5,64.20066362736416
ELECTRICITY,GERMANY,24,6,58.15635070408076
ELECTRICITY,GERMANY,24,7,57.04963532227615
ELECTRICITY,GERMANY,24,8,56.7566451069244
ELECTRICITY,GERMANY,24,9,58.49268893312798
ELECTRICITY,GERMANY,24,10,68.09208908273943
ELECTRICITY,GERMANY,24,11,57.5998647976505
ELECTRICITY,GERMANY,24,12,60.57974992884926
HEAT_HIGH_T,GERMANY,1,1,23.78674368181213
HEAT_HIGH_T,GERMANY,1,2,22.75486977175714
HEAT_HIGH_T,GERMANY,1,3,22.75486963981183
HEAT_HIGH_T,GERMANY,1,4,22.75486990587096
HEAT_HIGH_T,GERMANY,1,5,22.93883823466851
HEAT_HIGH_T,GERMANY,1,6,22.75486975465304
HEAT_HIGH_T,GERMANY,1,7,22.75486992183163
HEAT_HIGH_T,GERMANY,1,8,22.75487001288995
HEAT_HIGH_T,GERMANY,1,9,22.75486982968457
HEAT_HIGH_T,GERMANY,1,10,23.78674368178178
HEAT_HIGH_T,GERMANY,1,11,22.7548699007508
HEAT_HIGH_T,GERMANY,1,12,23.78674369788704
HEAT_HIGH_T,GERMANY,2,1,23.78674465579003
HEAT_HIGH_T,GERMANY,2,2,22.75487074567596
HEAT_HIGH_T,GERMANY,2,3,22.75487061423706
HEAT_HIGH_T,GERMANY,2,4,22.75487088031319
HEAT_HIGH_T,GERMANY,2,5,22.91977358179559
HEAT_HIGH_T,GERMANY,2,6,22.7548707405079
HEAT_HIGH_T,GERMANY,2,7,22.75487089613458
HEAT_HIGH_T,GERMANY,2,8,22.75487099139452
HEAT_HIGH_T,GERMANY,2,9,22.75487080347853
HEAT_HIGH_T,GERMANY,2,10,23.78674465578427
HEAT_HIGH_T,GERMANY,2,11,22.75487087483856
HEAT_HIGH_T,GERMANY,2,12,23.78674467205168
HEAT_HIGH_T,GERMANY,3,1,23.78674515411846
HEAT_HIGH_T,GERMANY,3,2,22.75487124451965
HEAT_HIGH_T,GERMANY,3,3,22.75487112309288
HEAT_HIGH_T,GERMANY,3,4,22.75487135397958
HEAT_HIGH_T,GERMANY,3,5,22.8505512624801
HEAT_HIGH_T,GERMANY,3,6,22.75487126083863
HEAT_HIGH_T,GERMANY,3,7,22.75487136570613
HEAT_HIGH_T,GERMANY,3,8,22.75487144184227
HEAT_HIGH_T,GERMANY,3,9,22.75487129382451
HEAT_HIGH_T,GERMANY,3,10,23.78674515503034
HEAT_HIGH_T,GERMANY,3,11,22.75487134987617
HEAT_HIGH_T,GERMANY,3,12,23.78674515069662
HEAT_HIGH_T,GERMANY,4,1,23.786745408795
HEAT_HIGH_T,GERMANY,4,2,22.75487149959296
HEAT_HIGH_T,GERMANY,4,3,22.75487138598227
HEAT_HIGH_T,GERMANY,4,4,22.75487158952959
HEAT_HIGH_T,GERMANY,4,5,22.85040683406162
HEAT_HIGH_T,GERMANY,4,6,22.75487155308153
HEAT_HIGH_T,GERMANY,4,7,22.75487159809385
HEAT_HIGH_T,GERMANY,4,8,22.75487166990207
HEAT_HIGH_T,GERMANY,4,9,22.75487154229097
HEAT_HIGH_T,GERMANY,4,10,23.78674541042102
HEAT_HIGH_T,GERMANY,4,11,22.75487158648617
HEAT_HIGH_T,GERMANY,4,12,23.78674538784066
HEAT_HIGH_T,GERMANY,5,1,23.78674553970314
HEAT_HIGH_T,GERMANY,5,2,22.75487163073728
HEAT_HIGH_T,GERMANY,5,3,22.75487152188341
HEAT_HIGH_T,GERMANY,5,4,22.75487170868946
HEAT_HIGH_T,GERMANY,5,5,22.75487570442378
HEAT_HIGH_T,GERMANY,5,6,22.75487175347697
HEAT_HIGH_T,GERMANY,5,7,22.75487171529862
HEAT_HIGH_T,GERMANY,5,8,22.75487180451125
HEAT_HIGH_T,GERMANY,5,9,22.75487166939741
HEAT_HIGH_T,GERMANY,5,10,23.78674554176463
HEAT_HIGH_T,GERMANY,5,11,22.75487170630121
HEAT_HIGH_T,GERMANY,5,12,23.78674550330399
HEAT_HIGH_T,GERMANY,6,1,23.78674560728545
HEAT_HIGH_T,GERMANY,6,2,22.75487169845006
HEAT_HIGH_T,GERMANY,6,3,22.75487159227234
HEAT_HIGH_T,GERMANY,6,4,22.7548717695692
HEAT_HIGH_T,GERMANY,6,5,22.7548756597954
HEAT_HIGH_T,GERMANY,6,6,22.7548719542281
HEAT_HIGH_T,GERMANY,6,7,22.75487177505221
HEAT_HIGH_T,GERMANY,6,8,22.75487191521584
HEAT_HIGH_T,GERMANY,6,9,22.75487173482202
HEAT_HIGH_T,GERMANY,6,10,23.78674560959284
HEAT_HIGH_T,GERMANY,6,11,22.75487176755822
HEAT_HIGH_T,GERMANY,6,12,23.78674555280822
HEAT_HIGH_T,GERMANY,7,1,23.78674564226378
HEAT_HIGH_T,GERMANY,7,2,22.75487173349902
HEAT_HIGH_T,GERMANY,7,3,22.75487162878362
HEAT_HIGH_T,GERMANY,7,4,22.75487180082624
HEAT_HIGH_T,GERMANY,7,5,22.82204767169143
HEAT_HIGH_T,GERMANY,7,6,22.75487224772957
HEAT_HIGH_T,GERMANY,7,7,22.75487180567821
HEAT_HIGH_T,GERMANY,7,8,22.75487205655984
HEAT_HIGH_T,GERMANY,7,9,22.75487176860945
HEAT_HIGH_T,GERMANY,7,10,23.78674564470613
HEAT_HIGH_T,GERMANY,7,11,22.75487179902674
HEAT_HIGH_T,GERMANY,7,12,23.78674555971524
HEAT_HIGH_T,GERMANY,8,1,23.78674566040135
HEAT_HIGH_T,GERMANY,8,2,22.75487175167488
HEAT_HIGH_T,GERMANY,8,3,22.7548716477503
HEAT_HIGH_T,GERMANY,8,4,22.75487181691419
HEAT_HIGH_T,GERMANY,8,5,22.7548758474137
HEAT_HIGH_T,GERMANY,8,6,22.75487276963853
HEAT_HIGH_T,GERMANY,8,7,22.75487182141528
HEAT_HIGH_T,GERMANY,8,8,22.75487229364374
HEAT_HIGH_T,GERMANY,8,9,22.75487178609584
HEAT_HIGH_T,GERMANY,8,10,23.78674566291737
HEAT_HIGH_T,GERMANY,8,11,22.75487181523286
HEAT_HIGH_T,GERMANY,8,12,23.7867455275876
HEAT_HIGH_T,GERMANY,9,1,23.7867456698375
HEAT_HIGH_T,GERMANY,9,2,22.7548717611321
HEAT_HIGH_T,GERMANY,9,3,22.75487165763467
HEAT_HIGH_T,GERMANY,9,4,22.75487182521825
HEAT_HIGH_T,GERMANY,9,5,22.84968454078181
HEAT_HIGH_T,GERMANY,9,6,22.75487397814119
HEAT_HIGH_T,GERMANY,9,7,22.75487182952354
HEAT_HIGH_T,GERMANY,9,8,22.75487277681082
HEAT_HIGH_T,GERMANY,9,9,22.75487179517519
HEAT_HIGH_T,GERMANY,9,10,23.78674567239367
HEAT_HIGH_T,GERMANY,9,11,22.75487182360328
HEAT_HIGH_T,GERMANY,9,12,23.78674544689618
HEAT_HIGH_T,GERMANY,10,1,23.78674567479839
HEAT_HIGH_T,GERMANY,10,2,22.75487176610475
HEAT_HIGH_T,GERMANY,10,3,22.75487166284046
HEAT_HIGH_T,GERMANY,10,4,22.75487182954319
HEAT_HIGH_T,GERMANY,10,5,22.9388382335247
HEAT_HIGH_T,GERMANY,10,6,22.93883827464633
HEAT_HIGH_T,GERMANY,10,7,22.75487183373673
HEAT_HIGH_T,GERMANY,10,8,22.75487382656396
HEAT_HIGH_T,GERMANY,10,9,22.75487179993825
HEAT_HIGH_T,GERMANY,10,10,23.78674567737684
HEAT_HIGH_T,GERMANY,10,11,22.75487182796816
HEAT_HIGH_T,GERMANY,10,12,23.7867452734526
HEAT_HIGH_T,GERMANY,11,1,23.78674567750387
HEAT_HIGH_T,GERMANY,11,2,22.75487176881702
HEAT_HIGH_T,GERMANY,11,3,22.75487166568475
HEAT_HIGH_T,GERMANY,11,4,22.75487183109598
HEAT_HIGH_T,GERMANY,11,5,22.938838234123
HEAT_HIGH_T,GERMANY,11,6,22.91977377379104
HEAT_HIGH_T,GERMANY,11,7,22.75487183599886
HEAT_HIGH_T,GERMANY,11,8,22.90278674088061
HEAT_HIGH_T,GERMANY,11,9,22.75487180252959
HEAT_HIGH_T,GERMANY,11,10,23.78674568009505
HEAT_HIGH_T,GERMANY,11,11,22.75487183032572
HEAT_HIGH_T,GERMANY,11,12,23.78674493790741
HEAT_HIGH_T,GERMANY,12,1,23.78674567916397
HEAT_HIGH_T,GERMANY,12,2,22.75487177048166
HEAT_HIGH_T,GERMANY,12,3,22.75487166743338
HEAT_HIGH_T,GERMANY,12,4,22.75487183135369
HEAT_HIGH_T,GERMANY,12,5,22.93883823901126
HEAT_HIGH_T,GERMANY,12,6,22.90055070807373
HEAT_HIGH_T,GERMANY,12,7,22.75487183359723
HEAT_HIGH_T,GERMANY,12,8,22.93883822402384
HEAT_HIGH_T,GERMANY,12,9,22.75487180411573
HEAT_HIGH_T,GERMANY,12,10,23.78674568176346
HEAT_HIGH_T,GERMANY,12,11,22.75487183175737
HEAT_HIGH_T,GERMANY,12,12,23.78674433767513
HEAT_HIGH_T,GERMANY,13,1,23.78674568052112
HEAT_HIGH_T,GERMANY,13,2,22.7548717718425
HEAT_HIGH_T,GERMANY,13,3,22.75487166886411
HEAT_HIGH_T,GERMANY,13,4,22.75487183250478
HEAT_HIGH_T,GERMANY,13,5,22.99509497549689
HEAT_HIGH_T,GERMANY,13,6,22.90055016221018
HEAT_HIGH_T,GERMANY,13,7,22.75487183500756
HEAT_HIGH_T,GERMANY,13,8,22.9388382241693
HEAT_HIGH_T,GERMANY,13,9,22.75487180541075
HEAT_HIGH_T,GERMANY,13,10,23.78674568312758
HEAT_HIGH_T,GERMANY,13,11,22.75487183292178
HEAT_HIGH_T,GERMANY,13,12,23.78674329446967
HEAT_HIGH_T,GERMANY,14,1,23.78674568218198
HEAT_HIGH_T,GERMANY,14,2,22.75487177350796
HEAT_HIGH_T,GERMANY,14,3,22.75487167061344
HEAT_HIGH_T,GERMANY,14,4,22.75487183392355
HEAT_HIGH_T,GERMANY,14,5,22.97649767244448
HEAT_HIGH_T,GERMANY,14,6,22.9388382419912
HEAT_HIGH_T,GERMANY,14,7,22.75487183668701
HEAT_HIGH_T,GERMANY,14,8,23.15382273586027
HEAT_HIGH_T,GERMANY,14,9,22.75487180699766
HEAT_HIGH_T,GERMANY,14,10,23.78674568479683
HEAT_HIGH_T,GERMANY,14,11,22.75487183435432
HEAT_HIGH_T,GERMANY,14,12,22.93883823471128
HEAT_HIGH_T,GERMANY,15,1,23.78674568488937
HEAT_HIGH_T,GERMANY,15,2,22.75487177622222
HEAT_HIGH_T,GERMANY,15,3,22.75487167345971
HEAT_HIGH_T,GERMANY,15,4,22.75487183626262
HEAT_HIGH_T,GERMANY,15,5,22.95774584514835
HEAT_HIGH_T,GERMANY,15,6,22.93883826755213
HEAT_HIGH_T,GERMANY,15,7,22.75487183927037
HEAT_HIGH_T,GERMANY,15,8,22.93883822557693
HEAT_HIGH_T,GERMANY,15,9,22.7548718095909
HEAT_HIGH_T,GERMANY,15,10,23.78674568751698
HEAT_HIGH_T,GERMANY,15,11,22.75487183671361
HEAT_HIGH_T,GERMANY,15,12,22.91977361046696
HEAT_HIGH_T,GERMANY,16,1,23.78674568985432
HEAT_HIGH_T,GERMANY,16,2,22.75487178119876
HEAT_HIGH_T,GERMANY,16,3,22.75487167866946
HEAT_HIGH_T,GERMANY,16,4,22.75487184059594
HEAT_HIGH_T,GERMANY,16,5,22.93883823814701
HEAT_HIGH_T,GERMANY,16,6,22.82204814616424
HEAT_HIGH_T,GERMANY,16,7,22.7548718438078
HEAT_HIGH_T,GERMANY,16,8,22.93883822238649
HEAT_HIGH_T,GERMANY,16,9,22.75487181435803
HEAT_HIGH_T,GERMANY,16,10,23.78674569250403
HEAT_HIGH_T,GERMANY,16,11,22.75487184108185
HEAT_HIGH_T,GERMANY,16,12,22.7548742198501
HEAT_HIGH_T,GERMANY,17,1,23.78674569929797
HEAT_HIGH_T,GERMANY,17,2,22.75487179066366
HEAT_HIGH_T,GERMANY,17,3,22.75487168856162
HEAT_HIGH_T,GERMANY,17,4,22.75487184891021
HEAT_HIGH_T,GERMANY,17,5,22.9197736305339
HEAT_HIGH_T,GERMANY,17,6,22.80201292877413
HEAT_HIGH_T,GERMANY,17,7,22.7548718522461
HEAT_HIGH_T,GERMANY,17,8,22.86162375839047
HEAT_HIGH_T,GERMANY,17,9,22.75487182344482
HEAT_HIGH_T,GERMANY,17,10,23.78674570198801
HEAT_HIGH_T,GERMANY,17,11,22.75487184945951
HEAT_HIGH_T,GERMANY,17,12,22.75487321383274
HEAT_HIGH_T,GERMANY,18,1,23.78674571745083
HEAT_HIGH_T,GERMANY,18,2,22.75487180885433
HEAT_HIGH_T,GERMANY,18,3,22.7548717075436
HEAT_HIGH_T,GERMANY,18,4,22.75487186530372
HEAT_HIGH_T,GERMANY,18,5,22.75487636926472
HEAT_HIGH_T,GERMANY,18,6,22.7548734825798
HEAT_HIGH_T,GERMANY,18,7,22.75487187022761
HEAT_HIGH_T,GERMANY,18,8,22.75487427483295
HEAT_HIGH_T,GERMANY,18,9,22.75487184094542
HEAT_HIGH_T,GERMANY,18,10,23.78674572021444
HEAT_HIGH_T,GERMANY,18,11,22.75487186567863
HEAT_HIGH_T,GERMANY,18,12,22.75487260999152
HEAT_HIGH_T,GERMANY,19,1,23.7867457524591
HEAT_HIGH_T,GERMANY,19,2,22.75487184393217
HEAT_HIGH_T,GERMANY,19,3,22.75487174408481
HEAT_HIGH_T,GERMANY,19,4,22.75487189687786
HEAT_HIGH_T,GERMANY,19,5,22.93883822803396
HEAT_HIGH_T,GERMANY,19,6,22.75487274283096
HEAT_HIGH_T,GERMANY,19,7,22.75487190088597
HEAT_HIGH_T,GERMANY,19,8,22.75487331975264
HEAT_HIGH_T,GERMANY,19,9,22.75487187476079
HEAT_HIGH_T,GERMANY,19,10,23.7867457553578
HEAT_HIGH_T,GERMANY,19,11,22.75487189717317
HEAT_HIGH_T,GERMANY,19,12,22.75487228887018
HEAT_HIGH_T,GERMANY,20,1,23.78674582010198
HEAT_HIGH_T,GERMANY,20,2,22.75487191170273
HEAT_HIGH_T,GERMANY,20,3,22.75487181453397
HEAT_HIGH_T,GERMANY,20,4,22.75487195591008
HEAT_HIGH_T,GERMANY,20,5,22.93883823702296
HEAT_HIGH_T,GERMANY,20,6,22.75487238464644
HEAT_HIGH_T,GERMANY,20,7,22.75487196069482
HEAT_HIGH_T,GERMANY,20,8,22.75487274589987
HEAT_HIGH_T,GERMANY,20,9,22.75487194024151
HEAT_HIGH_T,GERMANY,20,10,23.78674582324667
HEAT_HIGH_T,GERMANY,20,11,22.75487195848267
HEAT_HIGH_T,GERMANY,20,12,22.75487215646859
HEAT_HIGH_T,GERMANY,21,1,23.78674595113636
HEAT_HIGH_T,GERMANY,21,2,22.75487204296834
HEAT_HIGH_T,GERMANY,21,3,22.75487195056109
HEAT_HIGH_T,GERMANY,21,4,22.7548720746324
HEAT_HIGH_T,GERMANY,21,5,23.28083669722274
HEAT_HIGH_T,GERMANY,21,6,22.75487228935828
HEAT_HIGH_T,GERMANY,21,7,22.75487207800986
HEAT_HIGH_T,GERMANY,21,8,22.75487248939821
HEAT_HIGH_T,GERMANY,21,9,22.75487206746568
HEAT_HIGH_T,GERMANY,21,10,23.78674595471658
HEAT_HIGH_T,GERMANY,21,11,22.75487207840879
HEAT_HIGH_T,GERMANY,21,12,22.7548721684361
HEAT_HIGH_T,GERMANY,22,1,23.78674620608753
HEAT_HIGH_T,GERMANY,22,2,22.7548722983098
HEAT_HIGH_T,GERMANY,22,3,22.75487221557693
HEAT_HIGH_T,GERMANY,22,4,22.75487231069779
HEAT_HIGH_T,GERMANY,22,5,23.26461347432278
HEAT_HIGH_T,GERMANY,22,6,22.7548724268169
HEAT_HIGH_T,GERMANY,22,7,22.75487231063825
HEAT_HIGH_T,GERMANY,22,8,22.75487250487253
HEAT_HIGH_T,GERMANY,22,9,22.75487231619302
HEAT_HIGH_T,GERMANY,22,10,23.78674621038313
HEAT_HIGH_T,GERMANY,22,11,22.75487231526454
HEAT_HIGH_T,GERMANY,22,12,22.75487233997163
HEAT_HIGH_T,GERMANY,23,1,23.78674670503512
HEAT_HIGH_T,GERMANY,23,2,22.75487279777353
HEAT_HIGH_T,GERMANY,23,3,22.75487272452734
HEAT_HIGH_T,GERMANY,23,4,22.75487278520715
HEAT_HIGH_T,GERMANY,23,5,23.2482554431945
HEAT_HIGH_T,GERMANY,23,6,22.75487286475011
HEAT_HIGH_T,GERMANY,23,7,22.75487278076425
HEAT_HIGH_T,GERMANY,23,8,22.75487284155748
HEAT_HIGH_T,GERMANY,23,9,22.75487280714091
HEAT_HIGH_T,GERMANY,23,10,23.78674671025038
HEAT_HIGH_T,GERMANY,23,11,22.75487279086955
HEAT_HIGH_T,GERMANY,23,12,22.75487277108305
HEAT_HIGH_T,GERMANY,24,1,23.78674768027419
HEAT_HIGH_T,GERMANY,24,2,22.75487377178481
HEAT_HIGH_T,GERMANY,24,3,22.75487370087423
HEAT_HIGH_T,GERMANY,24,4,22.75487376087242
HEAT_HIGH_T,GERMANY,24,5,23.23176150781014
HEAT_HIGH_T,GERMANY,24,6,22.7548737970477
HEAT_HIGH_T,GERMANY,24,7,22.75487375628359
HEAT_HIGH_T,GERMANY,24,8,22.75487374908968
HEAT_HIGH_T,GERMANY,24,9,22.75487378222748
HEAT_HIGH_T,GERMANY,24,10,23.7867476855168
HEAT_HIGH_T,GERMANY,24,11,22.75487376619933
HEAT_HIGH_T,GERMANY,24,12,22.75487373297145
HEAT_LOW_T_DECEN,GERMANY,1,1,39.25789355666464
HEAT_LOW_T_DECEN,GERMANY,1,2,47.84406256588948
HEAT_LOW_T_DECEN,GERMANY,1,3,35.82543970054186
HEAT_LOW_T_DECEN,GERMANY,1,4,29.2327399640049
HEAT_LOW_T_DECEN,GERMANY,1,5,15.36238467414821
HEAT_LOW_T_DECEN,GERMANY,1,6,29.14374077070575
HEAT_LOW_T_DECEN,GERMANY,1,7,14.20039599771221
HEAT_LOW_T_DECEN,GERMANY,1,8,15.00866451533736
HEAT_LOW_T_DECEN,GERMANY,1,9,14.19581929868895
HEAT_LOW_T_DECEN,GERMANY,1,10,24.13479012820561
HEAT_LOW_T_DECEN,GERMANY,1,11,36.4492085719483
HEAT_LOW_T_DECEN,GERMANY,1,12,37.3616615355107
HEAT_LOW_T_DECEN,GERMANY,2,1,39.61044020290506
HEAT_LOW_T_DECEN,GERMANY,2,2,48.3174105960781
HEAT_LOW_T_DECEN,GERMANY,2,3,36.12970803965835
HEAT_LOW_T_DECEN,GERMANY,2,4,30.74471702927958
HEAT_LOW_T_DECEN,GERMANY,2,5,15.47968899063252
HEAT_LOW_T_DECEN,GERMANY,2,6,30.64677567019846
HEAT_LOW_T_DECEN,GERMANY,2,7,14.20088887299139
HEAT_LOW_T_DECEN,GERMANY,2,8,15.09041140095427
HEAT_LOW_T_DECEN,GERMANY,2,9,14.19584276894104
HEAT_LOW_T_DECEN,GERMANY,2,10,25.13417690297176
HEAT_LOW_T_DECEN,GERMANY,2,11,37.09058013187002
HEAT_LOW_T_DECEN,GERMANY,2,12,37.68754597616069
HEAT_LOW_T_DECEN,GERMANY,3,1,42.16590464531284
HEAT_LOW_T_DECEN,GERMANY,3,2,51.74836235611058
HEAT_LOW_T_DECEN,GERMANY,3,3,38.33518409322424
HEAT_LOW_T_DECEN,GERMANY,3,4,35.73057294439401
HEAT_LOW_T_DECEN,GERMANY,3,5,15.86657261466798
HEAT_LOW_T_DECEN,GERMANY,3,6,35.60310600905342
HEAT_LOW_T_DECEN,GERMANY,3,7,14.20248485008631
HEAT_LOW_T_DECEN,GERMANY,3,8,15.35999070850595
HEAT_LOW_T_DECEN,GERMANY,3,9,14.19591317969484
HEAT_LOW_T_DECEN,GERMANY,3,10,28.42970531244165
HEAT_LOW_T_DECEN,GERMANY,3,11,39.86298010794243
HEAT_LOW_T_DECEN,GERMANY,3,12,40.049662487559
HEAT_LOW_T_DECEN,GERMANY,4,1,50.5926871772994
HEAT_LOW_T_DECEN,GERMANY,4,2,63.06210316123453
HEAT_LOW_T_DECEN,GERMANY,4,3,45.60786395324801
HEAT_LOW_T_DECEN,GERMANY,4,4,44.50264981494429
HEAT_LOW_T_DECEN,GERMANY,4,5,16.54720990519406
HEAT_LOW_T_DECEN,GERMANY,4,6,44.32329015376378
HEAT_LOW_T_DECEN,GERMANY,4,7,14.20527781000283
HEAT_LOW_T_DECEN,GERMANY,4,8,15.83430101899672
HEAT_LOW_T_DECEN,GERMANY,4,9,14.19603053095159
HEAT_LOW_T_DECEN,GERMANY,4,10,34.22784315816934
HEAT_LOW_T_DECEN,GERMANY,4,11,47.51385959898732
HEAT_LOW_T_DECEN,GERMANY,4,12,47.83885217008413
HEAT_LOW_T_DECEN,GERMANY,5,1,65.41875110406367
HEAT_LOW_T_DECEN,GERMANY,5,2,82.96748154417898
HEAT_LOW_T_DECEN,GERMANY,5,3,58.40339908035967
HEAT_LOW_T_DECEN,GERMANY,5,4,46.73053995859657
HEAT_LOW_T_DECEN,GERMANY,5,5,16.72006830673649
HEAT_LOW_T_DECEN,GERMANY,5,6,46.5379900161295
HEAT_LOW_T_DECEN,GERMANY,5,7,14.20598191754447
HEAT_LOW_T_DECEN,GERMANY,5,8,15.95475034916841
HEAT_LOW_T_DECEN,GERMANY,5,9,14.19605400120319
HEAT_LOW_T_DECEN,GERMANY,5,10,35.70043714160004
HEAT_LOW_T_DECEN,GERMANY,5,11,59.16590060776182
HEAT_LOW_T_DECEN,GERMANY,5,12,61.54317890154903
HEAT_LOW_T_DECEN,GERMANY,6,1,69.18420088700911
HEAT_LOW_T_DECEN,GERMANY,6,2,88.02295022494572
HEAT_LOW_T_DECEN,GERMANY,6,3,61.65316049960373
HEAT_LOW_T_DECEN,GERMANY,6,4,45.0835620072817
HEAT_LOW_T_DECEN,GERMANY,6,5,16.5922727878771
HEAT_LOW_T_DECEN,GERMANY,6,6,44.90075221914649
HEAT_LOW_T_DECEN,GERMANY,6,7,14.20546557201379
HEAT_LOW_T_DECEN,GERMANY,6,8,15.8657042153664
HEAT_LOW_T_DECEN,GERMANY,6,9,14.19603053095134
HEAT_LOW_T_DECEN,GERMANY,6,10,34.61181647103194
HEAT_LOW_T_DECEN,GERMANY,6,11,62.29518922657821
HEAT_LOW_T_DECEN,GERMANY,6,12,65.02372330279933
HEAT_LOW_T_DECEN,GERMANY,7,1,66.40053519026952
HEAT_LOW_T_DECEN,GERMANY,7,2,84.28561780316574
HEAT_LOW_T_DECEN,GERMANY,7,3,59.25074556656151
HEAT_LOW_T_DECEN,GERMANY,7,4,43.68466461323924
HEAT_LOW_T_DECEN,GERMANY,7,5,16.48374634541536
HEAT_LOW_T_DECEN,GERMANY,7,6,43.51013982384784
HEAT_LOW_T_DECEN,GERMANY,7,7,14.20501963723716
HEAT_LOW_T_DECEN,GERMANY,7,8,15.79005959511232
HEAT_LOW_T_DECEN,GERMANY,7,9,14.1960305309516
HEAT_LOW_T_DECEN,GERMANY,7,10,33.68718244697816
HEAT_LOW_T_DECEN,GERMANY,7,11,59.59402146349763
HEAT_LOW_T_DECEN,GERMANY,7,12,62.45067964208739
HEAT_LOW_T_DECEN,GERMANY,8,1,64.03623594549701
HEAT_LOW_T_DECEN,GERMANY,8,2,81.11133671241092
HEAT_LOW_T_DECEN,GERMANY,8,3,57.21024191006688
HEAT_LOW_T_DECEN,GERMANY,8,4,42.24805052519956
HEAT_LOW_T_DECEN,GERMANY,8,5,16.37226265318968
HEAT_LOW_T_DECEN,GERMANY,8,6,42.08204543706757
HEAT_LOW_T_DECEN,GERMANY,8,7,14.20455023223255
HEAT_LOW_T_DECEN,GERMANY,8,8,15.71239653357354
HEAT_LOW_T_DECEN,GERMANY,8,9,14.19600706099657
HEAT_LOW_T_DECEN,GERMANY,8,10,32.73762301594
HEAT_LOW_T_DECEN,GERMANY,8,11,57.47273320169274
HEAT_LOW_T_DECEN,GERMANY,8,12,60.26527065346404
HEAT_LOW_T_DECEN,GERMANY,9,1,61.60816802767965
HEAT_LOW_T_DECEN,GERMANY,9,2,77.85141267431464
HEAT_LOW_T_DECEN,GERMANY,9,3,55.11470051404665
HEAT_LOW_T_DECEN,GERMANY,9,4,40.83410870439862
HEAT_LOW_T_DECEN,GERMANY,9,5,16.26256272050482
HEAT_LOW_T_DECEN,GERMANY,9,6,40.67645902201284
HEAT_LOW_T_DECEN,GERMANY,9,7,14.20410429920148
HEAT_LOW_T_DECEN,GERMANY,9,8,15.6359304645309
HEAT_LOW_T_DECEN,GERMANY,9,9,14.19598361335542
HEAT_LOW_T_DECEN,GERMANY,9,10,31.80303760531763
HEAT_LOW_T_DECEN,GERMANY,9,11,55.50179537034538
HEAT_LOW_T_DECEN,GERMANY,9,12,58.02090439333004
HEAT_LOW_T_DECEN,GERMANY,10,1,59.21840356013909
HEAT_LOW_T_DECEN,GERMANY,10,2,74.64293542735582
HEAT_LOW_T_DECEN,GERMANY,10,3,53.05222870877793
HEAT_LOW_T_DECEN,GERMANY,10,4,39.83685773767628
HEAT_LOW_T_DECEN,GERMANY,10,5,16.18518132613013
HEAT_LOW_T_DECEN,GERMANY,10,6,39.68509907858954
HEAT_LOW_T_DECEN,GERMANY,10,7,14.20377572289729
HEAT_LOW_T_DECEN,GERMANY,10,8,15.58201931321353
HEAT_LOW_T_DECEN,GERMANY,10,9,14.19596017110318
HEAT_LOW_T_DECEN,GERMANY,10,10,31.14385212646659
HEAT_LOW_T_DECEN,GERMANY,10,11,53.61645354589319
HEAT_LOW_T_DECEN,GERMANY,10,12,55.81195474263194
HEAT_LOW_T_DECEN,GERMANY,11,1,57.53288745605829
HEAT_LOW_T_DECEN,GERMANY,11,2,72.37995726116408
HEAT_LOW_T_DECEN,GERMANY,11,3,51.5975660237951
HEAT_LOW_T_DECEN,GERMANY,11,4,39.26620206470537
HEAT_LOW_T_DECEN,GERMANY,11,5,16.14089298165809
HEAT_LOW_T_DECEN,GERMANY,11,6,39.11782310809182
HEAT_LOW_T_DECEN,GERMANY,11,7,14.20361143765102
HEAT_LOW_T_DECEN,GERMANY,11,8,15.55115594831273
HEAT_LOW_T_DECEN,GERMANY,11,9,14.19596019738154
HEAT_LOW_T_DECEN,GERMANY,11,10,30.76668519380304
HEAT_LOW_T_DECEN,GERMANY,11,11,52.0389006003672
HEAT_LOW_T_DECEN,GERMANY,11,12,54.25395251767708
HEAT_LOW_T_DECEN,GERMANY,12,1,56.56842441558111
HEAT_LOW_T_DECEN,GERMANY,12,2,71.08508003061554
HEAT_LOW_T_DECEN,GERMANY,12,3,50.76519358014973
HEAT_LOW_T_DECEN,GERMANY,12,4,38.77435948085078
HEAT_LOW_T_DECEN,GERMANY,12,5,16.10273036319955
HEAT_LOW_T_DECEN,GERMANY,12,6,38.62889082824208
HEAT_LOW_T_DECEN,GERMANY,12,7,14.20344715094283
HEAT_LOW_T_DECEN,GERMANY,12,8,15.52456416510288
HEAT_LOW_T_DECEN,GERMANY,12,9,14.19596021442831
HEAT_LOW_T_DECEN,GERMANY,12,10,30.44157527579865
HEAT_LOW_T_DECEN,GERMANY,12,11,50.97846770445324
HEAT_LOW_T_DECEN,GERMANY,12,12,53.36248196069737
HEAT_LOW_T_DECEN,GERMANY,13,1,55.73710811148955
HEAT_LOW_T_DECEN,GERMANY,13,2,69.96897570188158
HEAT_LOW_T_DECEN,GERMANY,13,3,50.04773147543311
HEAT_LOW_T_DECEN,GERMANY,13,4,38.74600741540682
HEAT_LOW_T_DECEN,GERMANY,13,5,16.10054763371691
HEAT_LOW_T_DECEN,GERMANY,13,6,38.60070305552257
HEAT_LOW_T_DECEN,GERMANY,13,7,14.20342368037252
HEAT_LOW_T_DECEN,GERMANY,13,8,15.52303859849087
HEAT_LOW_T_DECEN,GERMANY,13,9,14.19596021495562
HEAT_LOW_T_DECEN,GERMANY,13,10,30.42284602170791
HEAT_LOW_T_DECEN,GERMANY,13,11,50.481156548397
HEAT_LOW_T_DECEN,GERMANY,13,12,52.59406592884498
HEAT_LOW_T_DECEN,GERMANY,14,1,55.68920532816806
HEAT_LOW_T_DECEN,GERMANY,14,2,69.90464374236944
HEAT_LOW_T_DECEN,GERMANY,14,3,50.00637688875963
HEAT_LOW_T_DECEN,GERMANY,14,4,39.03593542389659
HEAT_LOW_T_DECEN,GERMANY,14,5,16.12303212753984
HEAT_LOW_T_DECEN,GERMANY,14,6,38.88891773995215
HEAT_LOW_T_DECEN,GERMANY,14,7,14.20351755606844
HEAT_LOW_T_DECEN,GERMANY,14,8,15.53871672315161
HEAT_LOW_T_DECEN,GERMANY,14,9,14.19596020326561
HEAT_LOW_T_DECEN,GERMANY,14,10,30.61448062202847
HEAT_LOW_T_DECEN,GERMANY,14,11,50.49007524368074
HEAT_LOW_T_DECEN,GERMANY,14,12,52.54977756149748
HEAT_LOW_T_DECEN,GERMANY,15,1,56.17921723659966
HEAT_LOW_T_DECEN,GERMANY,15,2,70.56253835010067
HEAT_LOW_T_DECEN,GERMANY,15,3,50.42928733217835
HEAT_LOW_T_DECEN,GERMANY,15,4,39.96552166092313
HEAT_LOW_T_DECEN,GERMANY,15,5,16.19515619271526
HEAT_LOW_T_DECEN,GERMANY,15,6,39.81301194727322
HEAT_LOW_T_DECEN,GERMANY,15,7,14.20382266462653
HEAT_LOW_T_DECEN,GERMANY,15,8,15.5889665152596
HEAT_LOW_T_DECEN,GERMANY,15,9,14.1959601782609
HEAT_LOW_T_DECEN,GERMANY,15,10,31.2289083266103
HEAT_LOW_T_DECEN,GERMANY,15,11,51.05948700901971
HEAT_LOW_T_DECEN,GERMANY,15,12,53.00270647184612
HEAT_LOW_T_DECEN,GERMANY,16,1,57.75036280549685
HEAT_LOW_T_DECEN,GERMANY,16,2,72.67195065721677
HEAT_LOW_T_DECEN,GERMANY,16,3,51.78525761199017
HEAT_LOW_T_DECEN,GERMANY,16,4,40.88433504981291
HEAT_LOW_T_DECEN,GERMANY,16,5,16.26645879088893
HEAT_LOW_T_DECEN,GERMANY,16,6,40.72638024792514
HEAT_LOW_T_DECEN,GERMANY,16,7,14.2041277718255
HEAT_LOW_T_DECEN,GERMANY,16,8,15.63865302049822
HEAT_LOW_T_DECEN,GERMANY,16,9,14.19598362031155
HEAT_LOW_T_DECEN,GERMANY,16,10,31.83622454300379
HEAT_LOW_T_DECEN,GERMANY,16,11,52.65452529232502
HEAT_LOW_T_DECEN,GERMANY,16,12,54.45499868778015
HEAT_LOW_T_DECEN,GERMANY,17,1,59.30329545944125
HEAT_LOW_T_DECEN,GERMANY,17,2,74.75690696816423
HEAT_LOW_T_DECEN,GERMANY,17,3,53.12550283113885
HEAT_LOW_T_DECEN,GERMANY,17,4,41.71072259072041
HEAT_LOW_T_DECEN,GERMANY,17,5,16.33057949268683
HEAT_LOW_T_DECEN,GERMANY,17,6,41.54788598573876
HEAT_LOW_T_DECEN,GERMANY,17,7,14.20438594066038
HEAT_LOW_T_DECEN,GERMANY,17,8,15.68334036459589
HEAT_LOW_T_DECEN,GERMANY,17,9,14.19598359588515
HEAT_LOW_T_DECEN,GERMANY,17,10,32.38244770154244
HEAT_LOW_T_DECEN,GERMANY,17,11,54.21083766248554
HEAT_LOW_T_DECEN,GERMANY,17,12,55.89041579291835
HEAT_LOW_T_DECEN,GERMANY,18,1,60.70001012010046
HEAT_LOW_T_DECEN,GERMANY,18,2,76.63213311421444
HEAT_LOW_T_DECEN,GERMANY,18,3,54.33093493888004
HEAT_LOW_T_DECEN,GERMANY,18,4,42.07329103329685
HEAT_LOW_T_DECEN,GERMANY,18,5,16.35872031622143
HEAT_LOW_T_DECEN,GERMANY,18,6,41.90829516597226
HEAT_LOW_T_DECEN,GERMANY,18,7,14.20450329170659
HEAT_LOW_T_DECEN,GERMANY,18,8,15.70293802193383
HEAT_LOW_T_DECEN,GERMANY,18,9,14.19600706070051
HEAT_LOW_T_DECEN,GERMANY,18,10,32.62210243856198
HEAT_LOW_T_DECEN,GERMANY,18,11,55.36322700609471
HEAT_LOW_T_DECEN,GERMANY,18,12,57.18144391158651
HEAT_LOW_T_DECEN,GERMANY,19,1,61.31277144358822
HEAT_LOW_T_DECEN,GERMANY,19,2,77.45481236620265
HEAT_LOW_T_DECEN,GERMANY,19,3,54.85976664336687
HEAT_LOW_T_DECEN,GERMANY,19,4,41.48057330450509
HEAT_LOW_T_DECEN,GERMANY,19,5,16.31271862348241
HEAT_LOW_T_DECEN,GERMANY,19,6,41.31909797489044
HEAT_LOW_T_DECEN,GERMANY,19,7,14.2043155296955
HEAT_LOW_T_DECEN,GERMANY,19,8,15.67090112876734
HEAT_LOW_T_DECEN,GERMANY,19,9,14.19598359044942
HEAT_LOW_T_DECEN,GERMANY,19,10,32.23033700223547
HEAT_LOW_T_DECEN,GERMANY,19,11,56.11075451310315
HEAT_LOW_T_DECEN,GERMANY,19,12,57.74785148854495
HEAT_LOW_T_DECEN,GERMANY,20,1,60.31101417343886
HEAT_LOW_T_DECEN,GERMANY,20,2,76.10987308012695
HEAT_LOW_T_DECEN,GERMANY,20,3,53.99521646289095
HEAT_LOW_T_DECEN,GERMANY,20,4,38.90243659925145
HEAT_LOW_T_DECEN,GERMANY,20,5,16.1126816708218
HEAT_LOW_T_DECEN,GERMANY,20,6,38.75619346279237
HEAT_LOW_T_DECEN,GERMANY,20,7,14.2034940708965
HEAT_LOW_T_DECEN,GERMANY,20,8,15.53148783547577
HEAT_LOW_T_DECEN,GERMANY,20,9,14.19596012019757
HEAT_LOW_T_DECEN,GERMANY,20,10,30.52623245902105
HEAT_LOW_T_DECEN,GERMANY,20,11,55.56453135233398
HEAT_LOW_T_DECEN,GERMANY,20,12,56.82190313044547
HEAT_LOW_T_DECEN,GERMANY,21,1,55.95357423949374
HEAT_LOW_T_DECEN,GERMANY,21,2,70.25960780604636
HEAT_LOW_T_DECEN,GERMANY,21,3,50.23455461122721
HEAT_LOW_T_DECEN,GERMANY,21,4,34.71079052117305
HEAT_LOW_T_DECEN,GERMANY,21,5,15.78743092695578
HEAT_LOW_T_DECEN,GERMANY,21,6,34.58935544044416
HEAT_LOW_T_DECEN,GERMANY,21,7,14.20215626656662
HEAT_LOW_T_DECEN,GERMANY,21,8,15.30485908797301
HEAT_LOW_T_DECEN,GERMANY,21,9,14.19588970944328
HEAT_LOW_T_DECEN,GERMANY,21,10,27.75566316255821
HEAT_LOW_T_DECEN,GERMANY,21,11,51.84106984913087
HEAT_LOW_T_DECEN,GERMANY,21,12,52.79414981787617
HEAT_LOW_T_DECEN,GERMANY,22,1,48.86912579567758
HEAT_LOW_T_DECEN,GERMANY,22,2,60.74805372478093
HEAT_LOW_T_DECEN,GERMANY,22,3,44.12034288993033
HEAT_LOW_T_DECEN,GERMANY,22,4,30.31622064952349
HEAT_LOW_T_DECEN,GERMANY,22,5,15.44645511465307
HEAT_LOW_T_DECEN,GERMANY,22,6,30.22081407758652
HEAT_LOW_T_DECEN,GERMANY,22,7,14.20074805148298
HEAT_LOW_T_DECEN,GERMANY,22,8,15.06724626282509
HEAT_LOW_T_DECEN,GERMANY,22,9,14.19584276894083
HEAT_LOW_T_DECEN,GERMANY,22,10,24.85096137935897
HEAT_LOW_T_DECEN,GERMANY,22,11,45.46920170799331
HEAT_LOW_T_DECEN,GERMANY,22,12,46.24569150522771
HEAT_LOW_T_DECEN,GERMANY,23,1,41.4417065681916
HEAT_LOW_T_DECEN,GERMANY,23,2,50.77606025149457
HEAT_LOW_T_DECEN,GERMANY,23,3,37.71017129851398
HEAT_LOW_T_DECEN,GERMANY,23,4,28.41919063981522
HEAT_LOW_T_DECEN,GERMANY,23,5,15.29924969788871
HEAT_LOW_T_DECEN,GERMANY,23,6,28.33500284805314
HEAT_LOW_T_DECEN,GERMANY,23,7,14.20013782494686
HEAT_LOW_T_DECEN,GERMANY,23,8,14.96468126422529
HEAT_LOW_T_DECEN,GERMANY,23,9,14.19581929868999
HEAT_LOW_T_DECEN,GERMANY,23,10,23.59706319845036
HEAT_LOW_T_DECEN,GERMANY,23,11,38.79097637536262
HEAT_LOW_T_DECEN,GERMANY,23,12,39.38024397724153
HEAT_LOW_T_DECEN,GERMANY,24,1,38.2354355247851
HEAT_LOW_T_DECEN,GERMANY,24,2,46.47133450214094
HEAT_LOW_T_DECEN,GERMANY,24,3,35.22023579801019
HEAT_LOW_T_DECEN,GERMANY,24,4,29.02413636958479
HEAT_LOW_T_DECEN,GERMANY,24,5,15.34619020068358
HEAT_LOW_T_DECEN,GERMANY,24,6,28.93638109960966
HEAT_LOW_T_DECEN,GERMANY,24,7,14.2003490572065
HEAT_LOW_T_DECEN,GERMANY,24,8,14.99737532441199
HEAT_LOW_T_DECEN,GERMANY,24,9,14.19581929868948
HEAT_LOW_T_DECEN,GERMANY,24,10,23.99692587150873
HEAT_LOW_T_DECEN,GERMANY,24,11,35.73651091799895
HEAT_LOW_T_DECEN,GERMANY,24,12,36.41656145223318
HEAT_LOW_T_DHN,GERMANY,1,1,23.04738461186706
HEAT_LOW_T_DHN,GERMANY,1,2,28.08781634836106
HEAT_LOW_T_DHN,GERMANY,1,3,21.03378431689478
HEAT_LOW_T_DHN,GERMANY,1,4,17.16483427247599
HEAT_LOW_T_DHN,GERMANY,1,5,9.828852021259523
HEAT_LOW_T_DHN,GERMANY,1,6,17.11336071766717
HEAT_LOW_T_DHN,GERMANY,1,7,8.34247991468339
HEAT_LOW_T_DHN,GERMANY,1,8,9.06893296270723
HEAT_LOW_T_DHN,GERMANY,1,9,8.462914469705574
HEAT_LOW_T_DHN,GERMANY,1,10,14.17270418159542
HEAT_LOW_T_DHN,GERMANY,1,11,21.40002049443914
HEAT_LOW_T_DHN,GERMANY,1,12,21.93485320154207
HEAT_LOW_T_DHN,GERMANY,2,1,23.2543536435254
HEAT_LOW_T_DHN,GERMANY,2,2,28.36570136670681
HEAT_LOW_T_DHN,GERMANY,2,3,21.21242347523524
HEAT_LOW_T_DHN,GERMANY,2,4,18.05263260207033
HEAT_LOW_T_DHN,GERMANY,2,5,9.903836744292958
HEAT_LOW_T_DHN,GERMANY,2,6,17.99594893085995
HEAT_LOW_T_DHN,GERMANY,2,7,8.342768815509745
HEAT_LOW_T_DHN,GERMANY,2,8,9.118277436858055
HEAT_LOW_T_DHN,GERMANY,2,9,8.46287371349137
HEAT_LOW_T_DHN,GERMANY,2,10,14.75957383315076
HEAT_LOW_T_DHN,GERMANY,2,11,21.77657935422383
HEAT_LOW_T_DHN,GERMANY,2,12,22.12617578023229
HEAT_LOW_T_DHN,GERMANY,3,1,24.75460346077014
HEAT_LOW_T_DHN,GERMANY,3,2,30.37990647095019
HEAT_LOW_T_DHN,GERMANY,3,3,22.50729686003179
HEAT_LOW_T_DHN,GERMANY,3,4,20.98021700222527
HEAT_LOW_T_DHN,GERMANY,3,5,10.1512949450975
HEAT_LOW_T_DHN,GERMANY,3,6,20.90633009123393
HEAT_LOW_T_DHN,GERMANY,3,7,8.343705768827961
HEAT_LOW_T_DHN,GERMANY,3,8,9.281117175477288
HEAT_LOW_T_DHN,GERMANY,3,9,8.46286093911861
HEAT_LOW_T_DHN,GERMANY,3,10,16.69480931165782
HEAT_LOW_T_DHN,GERMANY,3,11,23.40430496652651
HEAT_LOW_T_DHN,GERMANY,3,12,23.51296016067703
HEAT_LOW_T_DHN,GERMANY,4,1,29.70176421926805
HEAT_LOW_T_DHN,GERMANY,4,2,37.02185877654232
HEAT_LOW_T_DHN,GERMANY,4,3,26.77721882109973
HEAT_LOW_T_DHN,GERMANY,4,4,26.13098728594679
HEAT_LOW_T_DHN,GERMANY,4,5,10.58668958924932
HEAT_LOW_T_DHN,GERMANY,4,6,26.02686502420076
HEAT_LOW_T_DHN,GERMANY,4,7,8.345345927891865
HEAT_LOW_T_DHN,GERMANY,4,8,9.567661019205385
HEAT_LOW_T_DHN,GERMANY,4,9,8.462876144801603
HEAT_LOW_T_DHN,GERMANY,4,10,20.099654511779
HEAT_LOW_T_DHN,GERMANY,4,11,27.89627689261259
HEAT_LOW_T_DHN,GERMANY,4,12,28.08595183715855
HEAT_LOW_T_DHN,GERMANY,5,1,38.40578934437519
HEAT_LOW_T_DHN,GERMANY,5,2,48.70770014533398
HEAT_LOW_T_DHN,GERMANY,5,3,34.28970967400278
HEAT_LOW_T_DHN,GERMANY,5,4,27.43915286690418
HEAT_LOW_T_DHN,GERMANY,5,5,10.69721023089664
HEAT_LOW_T_DHN,GERMANY,5,6,27.32734529630922
HEAT_LOW_T_DHN,GERMANY,5,7,8.345758923461826
HEAT_LOW_T_DHN,GERMANY,5,8,9.640387174289321
HEAT_LOW_T_DHN,GERMANY,5,9,8.46283538035575
HEAT_LOW_T_DHN,GERMANY,5,10,20.96440532744856
HEAT_LOW_T_DHN,GERMANY,5,11,34.73740436366819
HEAT_LOW_T_DHN,GERMANY,5,12,36.13168951462738
HEAT_LOW_T_DHN,GERMANY,6,1,40.61639025816369
HEAT_LOW_T_DHN,GERMANY,6,2,51.67560670878613
HEAT_LOW_T_DHN,GERMANY,6,3,36.19770015930191
HEAT_LOW_T_DHN,GERMANY,6,4,26.47208046254434
HEAT_LOW_T_DHN,GERMANY,6,5,10.61537750161242
HEAT_LOW_T_DHN,GERMANY,6,6,26.36594808440941
HEAT_LOW_T_DHN,GERMANY,6,7,8.345454924756242
HEAT_LOW_T_DHN,GERMANY,6,8,9.586529141744489
HEAT_LOW_T_DHN,GERMANY,6,9,8.462766629671997
HEAT_LOW_T_DHN,GERMANY,6,10,20.32513134341492
HEAT_LOW_T_DHN,GERMANY,6,11,36.57465537854743
HEAT_LOW_T_DHN,GERMANY,6,12,38.17509502943955
HEAT_LOW_T_DHN,GERMANY,7,1,38.98216198752865
HEAT_LOW_T_DHN,GERMANY,7,2,49.48152610773293
HEAT_LOW_T_DHN,GERMANY,7,3,34.78719430184405
HEAT_LOW_T_DHN,GERMANY,7,4,25.65067572556197
HEAT_LOW_T_DHN,GERMANY,7,5,10.5458737233093
HEAT_LOW_T_DHN,GERMANY,7,6,25.54937074150672
HEAT_LOW_T_DHN,GERMANY,7,7,8.345192291103938
HEAT_LOW_T_DHN,GERMANY,7,8,9.540769252478812
HEAT_LOW_T_DHN,GERMANY,7,9,8.462711867353244
HEAT_LOW_T_DHN,GERMANY,7,10,19.78215552361521
HEAT_LOW_T_DHN,GERMANY,7,11,34.98875395766343
HEAT_LOW_T_DHN,GERMANY,7,12,36.66446992675177
HEAT_LOW_T_DHN,GERMANY,8,1,37.59413406824774
HEAT_LOW_T_DHN,GERMANY,8,2,47.61799633142297
HEAT_LOW_T_DHN,GERMANY,8,3,33.58917346296767
HEAT_LOW_T_DHN,GERMANY,8,4,24.80712475697368
HEAT_LOW_T_DHN,GERMANY,8,5,10.47447891425326
HEAT_LOW_T_DHN,GERMANY,8,6,24.71167711900695
HEAT_LOW_T_DHN,GERMANY,8,7,8.344915869106028
HEAT_LOW_T_DHN,GERMANY,8,8,9.493790280713382
HEAT_LOW_T_DHN,GERMANY,8,9,8.46264311052517
HEAT_LOW_T_DHN,GERMANY,8,10,19.22454284870697
HEAT_LOW_T_DHN,GERMANY,8,11,33.74330244097626
HEAT_LOW_T_DHN,GERMANY,8,12,35.38142345899889
HEAT_LOW_T_DHN,GERMANY,9,1,36.16866943330366
HEAT_LOW_T_DHN,GERMANY,9,2,45.70418864535128
HEAT_LOW_T_DHN,GERMANY,9,3,32.35883924807209
HEAT_LOW_T_DHN,GERMANY,9,4,23.97688662553512
HEAT_LOW_T_DHN,GERMANY,9,5,10.40422623513766
HEAT_LOW_T_DHN,GERMANY,9,6,23.88627753067736
HEAT_LOW_T_DHN,GERMANY,9,7,8.344653235458141
HEAT_LOW_T_DHN,GERMANY,9,8,9.44753506919098
HEAT_LOW_T_DHN,GERMANY,9,9,8.462574350629897
HEAT_LOW_T_DHN,GERMANY,9,10,18.67572349621736
HEAT_LOW_T_DHN,GERMANY,9,11,32.58612468202875
HEAT_LOW_T_DHN,GERMANY,9,12,34.06376379518074
HEAT_LOW_T_DHN,GERMANY,10,1,34.76569217053812
HEAT_LOW_T_DHN,GERMANY,10,2,43.82058425989821
HEAT_LOW_T_DHN,GERMANY,10,3,31.14792106832214
HEAT_LOW_T_DHN,GERMANY,10,4,23.39132030782059
HEAT_LOW_T_DHN,GERMANY,10,5,10.35465064791772
HEAT_LOW_T_DHN,GERMANY,10,6,23.3041226726503
HEAT_LOW_T_DHN,GERMANY,10,7,8.344459543537479
HEAT_LOW_T_DHN,GERMANY,10,8,9.41490841432132
HEAT_LOW_T_DHN,GERMANY,10,9,8.462505587652403
HEAT_LOW_T_DHN,GERMANY,10,10,18.28862756439511
HEAT_LOW_T_DHN,GERMANY,10,11,31.47920217513565
HEAT_LOW_T_DHN,GERMANY,10,12,32.76689734358976
HEAT_LOW_T_DHN,GERMANY,11,1,33.77616237276526
HEAT_LOW_T_DHN,GERMANY,11,2,42.4920538503383
HEAT_LOW_T_DHN,GERMANY,11,3,30.29385882037108
HEAT_LOW_T_DHN,GERMANY,11,4,23.05624139383898
HEAT_LOW_T_DHN,GERMANY,11,5,10.32624722399357
HEAT_LOW_T_DHN,GERMANY,11,6,22.97100105149416
HEAT_LOW_T_DHN,GERMANY,11,7,8.344362370015864
HEAT_LOW_T_DHN,GERMANY,11,8,9.396207885771277
HEAT_LOW_T_DHN,GERMANY,11,9,8.462450812593904
HEAT_LOW_T_DHN,GERMANY,11,10,18.06714165397957
HEAT_LOW_T_DHN,GERMANY,11,11,30.55298839230333
HEAT_LOW_T_DHN,GERMANY,11,12,31.85219887133599
HEAT_LOW_T_DHN,GERMANY,12,1,33.20994552103942
HEAT_LOW_T_DHN,GERMANY,12,2,41.73186606779051
HEAT_LOW_T_DHN,GERMANY,12,3,29.80515451961354
HEAT_LOW_T_DHN,GERMANY,12,4,22.76743985191146
HEAT_LOW_T_DHN,GERMANY,12,5,10.30176313190809
HEAT_LOW_T_DHN,GERMANY,12,6,22.68388494866505
HEAT_LOW_T_DHN,GERMANY,12,7,8.34426519646989
HEAT_LOW_T_DHN,GERMANY,12,8,9.380088494404195
HEAT_LOW_T_DHN,GERMANY,12,9,8.462396034253684
HEAT_LOW_T_DHN,GERMANY,12,10,17.87622526458629
HEAT_LOW_T_DHN,GERMANY,12,11,29.93038540826356
HEAT_LOW_T_DHN,GERMANY,12,12,31.3288176676167
HEAT_LOW_T_DHN,GERMANY,13,1,32.72189600498677
HEAT_LOW_T_DHN,GERMANY,13,2,41.07663053506584
HEAT_LOW_T_DHN,GERMANY,13,3,29.38391624945318
HEAT_LOW_T_DHN,GERMANY,13,4,22.75078965094664
HEAT_LOW_T_DHN,GERMANY,13,5,10.30029743989482
HEAT_LOW_T_DHN,GERMANY,13,6,22.66732998026388
HEAT_LOW_T_DHN,GERMANY,13,7,8.34425075295076
HEAT_LOW_T_DHN,GERMANY,13,8,9.37911444681067
HEAT_LOW_T_DHN,GERMANY,13,9,8.462341252625844
HEAT_LOW_T_DHN,GERMANY,13,10,17.86522500299452
HEAT_LOW_T_DHN,GERMANY,13,11,29.63840154445702
HEAT_LOW_T_DHN,GERMANY,13,12,30.87768121115462
HEAT_LOW_T_DHN,GERMANY,14,1,32.69376951077312
HEAT_LOW_T_DHN,GERMANY,14,2,41.03885825146509
HEAT_LOW_T_DHN,GERMANY,14,3,29.3596328266192
HEAT_LOW_T_DHN,GERMANY,14,4,22.92102638230471
HEAT_LOW_T_DHN,GERMANY,14,5,10.31461247673145
HEAT_LOW_T_DHN,GERMANY,14,6,22.83657469223233
HEAT_LOW_T_DHN,GERMANY,14,7,8.344305251098188
HEAT_LOW_T_DHN,GERMANY,14,8,9.388534925130042
HEAT_LOW_T_DHN,GERMANY,14,9,8.462286467705784
HEAT_LOW_T_DHN,GERMANY,14,10,17.97775682023432
HEAT_LOW_T_DHN,GERMANY,14,11,29.64363443073538
HEAT_LOW_T_DHN,GERMANY,14,12,30.85167610339845
HEAT_LOW_T_DHN,GERMANY,15,1,32.98143953520022
HEAT_LOW_T_DHN,GERMANY,15,2,41.42508285092211
HEAT_LOW_T_DHN,GERMANY,15,3,29.60792763645775
HEAT_LOW_T_DHN,GERMANY,15,4,23.46685601155488
HEAT_LOW_T_DHN,GERMANY,15,5,10.36068372523996
HEAT_LOW_T_DHN,GERMANY,15,6,23.37922416948703
HEAT_LOW_T_DHN,GERMANY,15,7,8.344483844254738
HEAT_LOW_T_DHN,GERMANY,15,8,9.418843481368354
HEAT_LOW_T_DHN,GERMANY,15,9,8.46223167948984
HEAT_LOW_T_DHN,GERMANY,15,10,18.33856559658042
HEAT_LOW_T_DHN,GERMANY,15,11,29.97794287638289
HEAT_LOW_T_DHN,GERMANY,15,12,31.117584406875
HEAT_LOW_T_DHN,GERMANY,16,1,33.90381644849659
HEAT_LOW_T_DHN,GERMANY,16,2,42.66344837780136
HEAT_LOW_T_DHN,GERMANY,16,3,30.40403828071035
HEAT_LOW_T_DHN,GERMANY,16,4,24.00635994863981
HEAT_LOW_T_DHN,GERMANY,16,5,10.40622883238987
HEAT_LOW_T_DHN,GERMANY,16,6,23.91557500625892
HEAT_LOW_T_DHN,GERMANY,16,7,8.344662437343576
HEAT_LOW_T_DHN,GERMANY,16,8,9.448811360566925
HEAT_LOW_T_DHN,GERMANY,16,9,8.462190878533963
HEAT_LOW_T_DHN,GERMANY,16,10,18.69519821670755
HEAT_LOW_T_DHN,GERMANY,16,11,30.91441494175089
HEAT_LOW_T_DHN,GERMANY,16,12,31.97021303053844
HEAT_LOW_T_DHN,GERMANY,17,1,34.81550078641978
HEAT_LOW_T_DHN,GERMANY,17,2,43.88745624575758
HEAT_LOW_T_DHN,GERMANY,17,3,31.19091627585706
HEAT_LOW_T_DHN,GERMANY,17,4,24.49159339725232
HEAT_LOW_T_DHN,GERMANY,17,5,10.44717883891825
HEAT_LOW_T_DHN,GERMANY,17,6,24.39798168258161
HEAT_LOW_T_DHN,GERMANY,17,7,8.344813453689607
HEAT_LOW_T_DHN,GERMANY,17,8,9.475758443792941
HEAT_LOW_T_DHN,GERMANY,17,9,8.462136083627229
HEAT_LOW_T_DHN,GERMANY,17,10,19.01595506267942
HEAT_LOW_T_DHN,GERMANY,17,11,31.82815011386358
HEAT_LOW_T_DHN,GERMANY,17,12,32.81293417358431
HEAT_LOW_T_DHN,GERMANY,18,1,35.63547318810987
HEAT_LOW_T_DHN,GERMANY,18,2,44.98833777064798
HEAT_LOW_T_DHN,GERMANY,18,3,31.89864294337727
HEAT_LOW_T_DHN,GERMANY,18,4,24.70448267414972
HEAT_LOW_T_DHN,GERMANY,18,5,10.46511098002583
HEAT_LOW_T_DHN,GERMANY,18,6,24.60962059020367
HEAT_LOW_T_DHN,GERMANY,18,7,8.3448817399535
HEAT_LOW_T_DHN,GERMANY,18,8,9.461713168785629
HEAT_LOW_T_DHN,GERMANY,18,9,8.462095275794823
HEAT_LOW_T_DHN,GERMANY,18,10,19.15668558792226
HEAT_LOW_T_DHN,GERMANY,18,11,32.50473468502014
HEAT_LOW_T_DHN,GERMANY,18,12,33.57088520243099
HEAT_LOW_T_DHN,GERMANY,19,1,35.99520585213054
HEAT_LOW_T_DHN,GERMANY,19,2,45.47130161632686
HEAT_LOW_T_DHN,GERMANY,19,3,32.20912555140252
HEAT_LOW_T_DHN,GERMANY,19,4,24.35644958312891
HEAT_LOW_T_DHN,GERMANY,19,5,10.43561225218067
HEAT_LOW_T_DHN,GERMANY,19,6,24.26362641505353
HEAT_LOW_T_DHN,GERMANY,19,7,8.344770777807131
HEAT_LOW_T_DHN,GERMANY,19,8,9.442355159651047
HEAT_LOW_T_DHN,GERMANY,19,9,8.462026483901743
HEAT_LOW_T_DHN,GERMANY,19,10,18.92662709313584
HEAT_LOW_T_DHN,GERMANY,19,11,32.94361754581436
HEAT_LOW_T_DHN,GERMANY,19,12,33.90341569723951
HEAT_LOW_T_DHN,GERMANY,20,1,35.40709476342366
HEAT_LOW_T_DHN,GERMANY,20,2,44.68172434670962
HEAT_LOW_T_DHN,GERMANY,20,3,31.7015293854414
HEAT_LOW_T_DHN,GERMANY,20,4,22.84417054858061
HEAT_LOW_T_DHN,GERMANY,20,5,10.30757475792518
HEAT_LOW_T_DHN,GERMANY,20,6,22.75862124498139
HEAT_LOW_T_DHN,GERMANY,20,7,8.34428753061268
HEAT_LOW_T_DHN,GERMANY,20,8,9.358299095761375
HEAT_LOW_T_DHN,GERMANY,20,9,8.461957688883167
HEAT_LOW_T_DHN,GERMANY,20,10,17.9259235793344
HEAT_LOW_T_DHN,GERMANY,20,11,32.62291646768119
HEAT_LOW_T_DHN,GERMANY,20,12,33.35979303902879
HEAT_LOW_T_DHN,GERMANY,21,1,32.84894631658315
HEAT_LOW_T_DHN,GERMANY,21,2,41.24721171649099
HEAT_LOW_T_DHN,GERMANY,21,3,29.49357607973736
HEAT_LOW_T_DHN,GERMANY,21,4,20.38276272904923
HEAT_LOW_T_DHN,GERMANY,21,5,10.09943798658806
HEAT_LOW_T_DHN,GERMANY,21,6,20.31174599553528
HEAT_LOW_T_DHN,GERMANY,21,7,8.343500940123905
HEAT_LOW_T_DHN,GERMANY,21,8,9.221693744121122
HEAT_LOW_T_DHN,GERMANY,21,9,8.461860910525937
HEAT_LOW_T_DHN,GERMANY,21,10,16.29896010220097
HEAT_LOW_T_DHN,GERMANY,21,11,30.43680300819597
HEAT_LOW_T_DHN,GERMANY,21,12,30.99511994158513
HEAT_LOW_T_DHN,GERMANY,22,1,28.69010032390243
HEAT_LOW_T_DHN,GERMANY,22,2,35.66327237805624
HEAT_LOW_T_DHN,GERMANY,22,3,25.90381360853921
HEAT_LOW_T_DHN,GERMANY,22,4,17.80219516288462
HEAT_LOW_T_DHN,GERMANY,22,5,9.881244535523793
HEAT_LOW_T_DHN,GERMANY,22,6,17.74642596025225
HEAT_LOW_T_DHN,GERMANY,22,7,8.342672984722634
HEAT_LOW_T_DHN,GERMANY,22,8,9.078471723030706
HEAT_LOW_T_DHN,GERMANY,22,9,8.461778119418502
HEAT_LOW_T_DHN,GERMANY,22,10,14.59323034361701
HEAT_LOW_T_DHN,GERMANY,22,11,26.6957641666971
HEAT_LOW_T_DHN,GERMANY,22,12,27.1505572134669
HEAT_LOW_T_DHN,GERMANY,23,1,24.32960601127799
HEAT_LOW_T_DHN,GERMANY,23,2,29.8090249359596
HEAT_LOW_T_DHN,GERMANY,23,3,22.14028885256151
HEAT_LOW_T_DHN,GERMANY,23,4,16.68822543899896
HEAT_LOW_T_DHN,GERMANY,23,5,9.787009951800659
HEAT_LOW_T_DHN,GERMANY,23,6,16.63902819527604
HEAT_LOW_T_DHN,GERMANY,23,7,8.342313832667102
HEAT_LOW_T_DHN,GERMANY,23,8,9.016621280111819
HEAT_LOW_T_DHN,GERMANY,23,9,8.461709315287994
HEAT_LOW_T_DHN,GERMANY,23,10,13.85690225483924
HEAT_LOW_T_DHN,GERMANY,23,11,22.7748585459739
HEAT_LOW_T_DHN,GERMANY,23,12,23.11989302699752
HEAT_LOW_T_DHN,GERMANY,24,1,22.4472650269082
HEAT_LOW_T_DHN,GERMANY,24,2,27.28185279681537
HEAT_LOW_T_DHN,GERMANY,24,3,20.67840258773531
HEAT_LOW_T_DHN,GERMANY,24,4,17.04345791293251
HEAT_LOW_T_DHN,GERMANY,24,5,9.816971955604407
HEAT_LOW_T_DHN,GERMANY,24,6,16.99217088272506
HEAT_LOW_T_DHN,GERMANY,24,7,8.342437272176763
HEAT_LOW_T_DHN,GERMANY,24,8,9.03626828188852
HEAT_LOW_T_DHN,GERMANY,24,9,8.461654497861602
HEAT_LOW_T_DHN,GERMANY,24,10,14.091712118463
HEAT_LOW_T_DHN,GERMANY,24,11,20.98152618762488
HEAT_LOW_T_DHN,GERMANY,24,12,21.37993116264337
