ct,n,h,td,d_ref
ELECTRICITY,GERMANY,1,1,64.66370467986337
ELECTRICITY,GERMANY,1,2,64.29252965804254
ELECTRICITY,GERMANY,1,3,64.20643357587456
ELECTRICITY,GERMANY,1,4,61.42144070547161
ELECTRICITY,GERMANY,1,5,60.78914494095488
ELECTRICITY,GERMANY,1,6,59.36044566379997
ELECTRICITY,GERMANY,1,7,59.81205177540488
ELECTRICITY,GERMANY,1,8,59.751035086603174
ELECTRICITY,GERMANY,1,9,61.03858163685896
ELECTRICITY,GERMANY,1,10,61.35576220002065
ELECTRICITY,GERMANY,1,11,60.97178193499867
ELECTRICITY,GERMANY,1,12,62.3670223508861
ELECTRICITY,GERMANY,2,1,64.12853993059578
ELECTRICITY,GERMANY,2,2,63.62730612529431
ELECTRICITY,GERMANY,2,3,63.78616195339315
ELECTRICITY,GERMANY,2,4,61.505235384483626
ELECTRICITY,GERMANY,2,5,60.83995284139808
ELECTRICITY,GERMANY,2,6,59.71627799791439
ELECTRICITY,GERMANY,2,7,59.8707080507133
ELECTRICITY,GERMANY,2,8,59.79110310565188
ELECTRICITY,GERMANY,2,9,61.06867690889849
ELECTRICITY,GERMANY,2,10,61.516093286552795
ELECTRICITY,GERMANY,2,11,60.49786991588211
ELECTRICITY,GERMANY,2,12,62.02169385681685
ELECTRICITY,GERMANY,3,1,64.12122264876655
ELECTRICITY,GERMANY,3,2,63.31744284396184
ELECTRICITY,GERMANY,3,3,63.93587117920547
ELECTRICITY,GERMANY,3,4,62.01089496508502
ELECTRICITY,GERMANY,3,5,61.52470879580333
ELECTRICITY,GERMANY,3,6,60.20447051866539
ELECTRICITY,GERMANY,3,7,60.49745684352079
ELECTRICITY,GERMANY,3,8,60.08290922376063
ELECTRICITY,GERMANY,3,9,61.44120916847797
ELECTRICITY,GERMANY,3,10,62.15735862234406
ELECTRICITY,GERMANY,3,11,60.3292183717861
ELECTRICITY,GERMANY,3,12,62.15181165063481
ELECTRICITY,GERMANY,4,1,64.3352531422712
ELECTRICITY,GERMANY,4,2,63.355268470191916
ELECTRICITY,GERMANY,4,3,64.15131792080608
ELECTRICITY,GERMANY,4,4,63.48798271885249
ELECTRICITY,GERMANY,4,5,63.110257549587764
ELECTRICITY,GERMANY,4,6,61.73213013152673
ELECTRICITY,GERMANY,4,7,61.832919787690486
ELECTRICITY,GERMANY,4,8,61.97354142155361
ELECTRICITY,GERMANY,4,9,63.40837777379108
ELECTRICITY,GERMANY,4,10,63.48042939567395
ELECTRICITY,GERMANY,4,11,60.165936768387326
ELECTRICITY,GERMANY,4,12,62.67275490860529
ELECTRICITY,GERMANY,5,1,65.46760250534275
ELECTRICITY,GERMANY,5,2,64.30391865314769
ELECTRICITY,GERMANY,5,3,65.59671712342606
ELECTRICITY,GERMANY,5,4,66.95124040655412
ELECTRICITY,GERMANY,5,5,66.20322537052854
ELECTRICITY,GERMANY,5,6,65.08279609559813
ELECTRICITY,GERMANY,5,7,65.04384927295874
ELECTRICITY,GERMANY,5,8,65.35294541990588
ELECTRICITY,GERMANY,5,9,66.66161767092667
ELECTRICITY,GERMANY,5,10,67.20769933260075
ELECTRICITY,GERMANY,5,11,60.061016388610305
ELECTRICITY,GERMANY,5,12,64.17344679730574
ELECTRICITY,GERMANY,6,1,68.7018410738573
ELECTRICITY,GERMANY,6,2,67.52169333754651
ELECTRICITY,GERMANY,6,3,69.13391476380518
ELECTRICITY,GERMANY,6,4,69.09048315552853
ELECTRICITY,GERMANY,6,5,68.81177733230757
ELECTRICITY,GERMANY,6,6,67.6063731716185
ELECTRICITY,GERMANY,6,7,67.617467115037
ELECTRICITY,GERMANY,6,8,67.80801149428333
ELECTRICITY,GERMANY,6,9,69.01294357227376
ELECTRICITY,GERMANY,6,10,69.80202980308269
ELECTRICITY,GERMANY,6,11,60.7769888114644
ELECTRICITY,GERMANY,6,12,67.95223275872374
ELECTRICITY,GERMANY,7,1,71.87087321961954
ELECTRICITY,GERMANY,7,2,70.45314986520847
ELECTRICITY,GERMANY,7,3,71.72305232460187
ELECTRICITY,GERMANY,7,4,70.3905398972988
ELECTRICITY,GERMANY,7,5,70.4745116073228
ELECTRICITY,GERMANY,7,6,68.84889483448966
ELECTRICITY,GERMANY,7,7,68.85886758149884
ELECTRICITY,GERMANY,7,8,69.23417332693295
ELECTRICITY,GERMANY,7,9,70.60368523574344
ELECTRICITY,GERMANY,7,10,71.19343454704351
ELECTRICITY,GERMANY,7,11,62.138298283385694
ELECTRICITY,GERMANY,7,12,71.08810109490517
ELECTRICITY,GERMANY,8,1,73.36082522692548
ELECTRICITY,GERMANY,8,2,71.40191806883891
ELECTRICITY,GERMANY,8,3,72.27332372022656
ELECTRICITY,GERMANY,8,4,70.7137985252057
ELECTRICITY,GERMANY,8,5,71.01504629728765
ELECTRICITY,GERMANY,8,6,69.18448662289906
ELECTRICITY,GERMANY,8,7,69.46095005330137
ELECTRICITY,GERMANY,8,8,69.86469878132971
ELECTRICITY,GERMANY,8,9,71.21101962756858
ELECTRICITY,GERMANY,8,10,71.54147751663005
ELECTRICITY,GERMANY,8,11,64.47605180714632
ELECTRICITY,GERMANY,8,12,72.09009662280943
ELECTRICITY,GERMANY,9,1,73.25206917522185
ELECTRICITY,GERMANY,9,2,71.68782315321441
ELECTRICITY,GERMANY,9,3,72.08567084750952
ELECTRICITY,GERMANY,9,4,71.22872272876829
ELECTRICITY,GERMANY,9,5,71.4550863827754
ELECTRICITY,GERMANY,9,6,69.88246089286676
ELECTRICITY,GERMANY,9,7,70.71350347351905
ELECTRICITY,GERMANY,9,8,70.62717135000173
ELECTRICITY,GERMANY,9,9,72.05805400963793
ELECTRICITY,GERMANY,9,10,71.83452285182278
ELECTRICITY,GERMANY,9,11,65.7532125380316
ELECTRICITY,GERMANY,9,12,72.46764476106218
ELECTRICITY,GERMANY,10,1,73.93251737500184
ELECTRICITY,GERMANY,10,2,72.10945201345447
ELECTRICITY,GERMANY,10,3,72.40025495582857
ELECTRICITY,GERMANY,10,4,71.47503187679376
ELECTRICITY,GERMANY,10,5,72.10886191008115
ELECTRICITY,GERMANY,10,6,70.68358523249152
ELECTRICITY,GERMANY,10,7,71.4770972386004
ELECTRICITY,GERMANY,10,8,71.40528165806685
ELECTRICITY,GERMANY,10,9,72.83763957613637
ELECTRICITY,GERMANY,10,10,72.53456248359711
ELECTRICITY,GERMANY,10,11,66.69649278029013
ELECTRICITY,GERMANY,10,12,72.71708145696626
ELECTRICITY,GERMANY,11,1,74.63102273800554
ELECTRICITY,GERMANY,11,2,72.27391382359988
ELECTRICITY,GERMANY,11,3,72.24842135787229
ELECTRICITY,GERMANY,11,4,71.37430123096735
ELECTRICITY,GERMANY,11,5,71.98889389428436
ELECTRICITY,GERMANY,11,6,71.01103359434904
ELECTRICITY,GERMANY,11,7,70.48601862310262
ELECTRICITY,GERMANY,11,8,70.865101030126
ELECTRICITY,GERMANY,11,9,72.57132592375523
ELECTRICITY,GERMANY,11,10,72.35664631653991
ELECTRICITY,GERMANY,11,11,67.13434948329659
ELECTRICITY,GERMANY,11,12,72.94975921706794
ELECTRICITY,GERMANY,12,1,74.40052836038515
ELECTRICITY,GERMANY,12,2,72.14698258799787
ELECTRICITY,GERMANY,12,3,71.35919458461025
ELECTRICITY,GERMANY,12,4,71.15513683811479
ELECTRICITY,GERMANY,12,5,71.2343877211522
ELECTRICITY,GERMANY,12,6,70.72241403445625
ELECTRICITY,GERMANY,12,7,70.17361789726486
ELECTRICITY,GERMANY,12,8,70.00006849517025
ELECTRICITY,GERMANY,12,9,72.3171093905272
ELECTRICITY,GERMANY,12,10,72.14379602978192
ELECTRICITY,GERMANY,12,11,66.94050052515962
ELECTRICITY,GERMANY,12,12,72.97542871380753
ELECTRICITY,GERMANY,13,1,74.1873830219405
ELECTRICITY,GERMANY,13,2,71.96115903573812
ELECTRICITY,GERMANY,13,3,70.53181064487256
ELECTRICITY,GERMANY,13,4,70.6505984539227
ELECTRICITY,GERMANY,13,5,70.60244601865946
ELECTRICITY,GERMANY,13,6,70.121806821087
ELECTRICITY,GERMANY,13,7,70.02514788853652
ELECTRICITY,GERMANY,13,8,69.19687879373886
ELECTRICITY,GERMANY,13,9,71.75633415485734
ELECTRICITY,GERMANY,13,10,71.42404694533856
ELECTRICITY,GERMANY,13,11,65.90357087755457
ELECTRICITY,GERMANY,13,12,72.33605170881091
ELECTRICITY,GERMANY,14,1,73.67381605613657
ELECTRICITY,GERMANY,14,2,71.48394243773096
ELECTRICITY,GERMANY,14,3,69.64364605768252
ELECTRICITY,GERMANY,14,4,70.07471657189575
ELECTRICITY,GERMANY,14,5,70.1769814864928
ELECTRICITY,GERMANY,14,6,69.84770380417798
ELECTRICITY,GERMANY,14,7,69.58711415451808
ELECTRICITY,GERMANY,14,8,68.59544543564697
ELECTRICITY,GERMANY,14,9,71.57924413252279
ELECTRICITY,GERMANY,14,10,70.79422961498979
ELECTRICITY,GERMANY,14,11,65.20842910377881
ELECTRICITY,GERMANY,14,12,71.98907092529636
ELECTRICITY,GERMANY,15,1,73.44161037873354
ELECTRICITY,GERMANY,15,2,71.04502354865251
ELECTRICITY,GERMANY,15,3,69.48720965341431
ELECTRICITY,GERMANY,15,4,69.50668306473399
ELECTRICITY,GERMANY,15,5,69.7111538835908
ELECTRICITY,GERMANY,15,6,69.082398739314
ELECTRICITY,GERMANY,15,7,69.01028810709379
ELECTRICITY,GERMANY,15,8,68.08707137952828
ELECTRICITY,GERMANY,15,9,71.0606612880456
ELECTRICITY,GERMANY,15,10,69.84498932866069
ELECTRICITY,GERMANY,15,11,64.95828428382674
ELECTRICITY,GERMANY,15,12,71.75432780338805
ELECTRICITY,GERMANY,16,1,73.35226872801229
ELECTRICITY,GERMANY,16,2,70.82745243490793
ELECTRICITY,GERMANY,16,3,69.5407320293748
ELECTRICITY,GERMANY,16,4,69.32959304239944
ELECTRICITY,GERMANY,16,5,69.40955204948486
ELECTRICITY,GERMANY,16,6,68.76622135188695
ELECTRICITY,GERMANY,16,7,68.8336701674579
ELECTRICITY,GERMANY,16,8,67.93010388222409
ELECTRICITY,GERMANY,16,9,70.87920450074844
ELECTRICITY,GERMANY,16,10,70.05182056101077
ELECTRICITY,GERMANY,16,11,65.19214225067508
ELECTRICITY,GERMANY,16,12,71.75125926584676
ELECTRICITY,GERMANY,17,1,74.3723804294776
ELECTRICITY,GERMANY,17,2,72.26683258311999
ELECTRICITY,GERMANY,17,3,70.73315391585074
ELECTRICITY,GERMANY,17,4,69.2965472534933
ELECTRICITY,GERMANY,17,5,68.81980273818479
ELECTRICITY,GERMANY,17,6,68.67552246340705
ELECTRICITY,GERMANY,17,7,68.43977616576409
ELECTRICITY,GERMANY,17,8,68.03897795460237
ELECTRICITY,GERMANY,17,9,70.47073494573353
ELECTRICITY,GERMANY,17,10,70.12109869703902
ELECTRICITY,GERMANY,17,11,67.09115391636927
ELECTRICITY,GERMANY,17,12,72.70067658318786
ELECTRICITY,GERMANY,18,1,73.97665710732647
ELECTRICITY,GERMANY,18,2,72.58649158044963
ELECTRICITY,GERMANY,18,3,72.51508907227742
ELECTRICITY,GERMANY,18,4,69.47965633023576
ELECTRICITY,GERMANY,18,5,68.51023450853897
ELECTRICITY,GERMANY,18,6,68.52882276479869
ELECTRICITY,GERMANY,18,7,68.1025910982467
ELECTRICITY,GERMANY,18,8,67.6955968016651
ELECTRICITY,GERMANY,18,9,69.92400417034878
ELECTRICITY,GERMANY,18,10,70.7470803554612
ELECTRICITY,GERMANY,18,11,66.91565717314268
ELECTRICITY,GERMANY,18,12,72.91423499399383
ELECTRICITY,GERMANY,19,1,73.11233269641872
ELECTRICITY,GERMANY,19,2,72.11057320986379
ELECTRICITY,GERMANY,19,3,72.11718236764501
ELECTRICITY,GERMANY,19,4,69.33691032422867
ELECTRICITY,GERMANY,19,5,67.7990419230088
ELECTRICITY,GERMANY,19,6,67.76546504106668
ELECTRICITY,GERMANY,19,7,67.17459453335728
ELECTRICITY,GERMANY,19,8,66.6112228428448
ELECTRICITY,GERMANY,19,9,69.44519429323363
ELECTRICITY,GERMANY,19,10,69.39822206471703
ELECTRICITY,GERMANY,19,11,65.97963520237604
ELECTRICITY,GERMANY,19,12,71.84420054714529
ELECTRICITY,GERMANY,20,1,71.34739251714376
ELECTRICITY,GERMANY,20,2,70.65136558830802
ELECTRICITY,GERMANY,20,3,70.46241448816966
ELECTRICITY,GERMANY,20,4,68.06771598888325
ELECTRICITY,GERMANY,20,5,67.49584680979491
ELECTRICITY,GERMANY,20,6,66.92993767477712
ELECTRICITY,GERMANY,20,7,66.57794101258932
ELECTRICITY,GERMANY,20,8,65.84851423282343
ELECTRICITY,GERMANY,20,9,68.26687587738013
ELECTRICITY,GERMANY,20,10,67.46380419662341
ELECTRICITY,GERMANY,20,11,64.0144139381949
ELECTRICITY,GERMANY,20,12,70.34964573352744
ELECTRICITY,GERMANY,21,1,69.70118113658161
ELECTRICITY,GERMANY,21,2,69.16513123225403
ELECTRICITY,GERMANY,21,3,68.87061063862798
ELECTRICITY,GERMANY,21,4,66.53244404250603
ELECTRICITY,GERMANY,21,5,66.04891333840429
ELECTRICITY,GERMANY,21,6,65.60250013648464
ELECTRICITY,GERMANY,21,7,64.6069367353496
ELECTRICITY,GERMANY,21,8,64.0677592831434
ELECTRICITY,GERMANY,21,9,66.09741983569153
ELECTRICITY,GERMANY,21,10,66.16333438249183
ELECTRICITY,GERMANY,21,11,63.05236840866467
ELECTRICITY,GERMANY,21,12,68.4618460319264
ELECTRICITY,GERMANY,22,1,68.56611729799278
ELECTRICITY,GERMANY,22,2,68.52091537959615
ELECTRICITY,GERMANY,22,3,67.84147035555081
ELECTRICITY,GERMANY,22,4,64.57625135993675
ELECTRICITY,GERMANY,22,5,64.19616577717872
ELECTRICITY,GERMANY,22,6,63.753293195499005
ELECTRICITY,GERMANY,22,7,62.367671464596754
ELECTRICITY,GERMANY,22,8,62.09870234703565
ELECTRICITY,GERMANY,22,9,64.05023321295567
ELECTRICITY,GERMANY,22,10,64.25246163899382
ELECTRICITY,GERMANY,22,11,62.794021151823394
ELECTRICITY,GERMANY,22,12,67.15234763618297
ELECTRICITY,GERMANY,23,1,66.75349676615322
ELECTRICITY,GERMANY,23,2,67.03774956108343
ELECTRICITY,GERMANY,23,3,65.83995773391024
ELECTRICITY,GERMANY,23,4,63.14973546526314
ELECTRICITY,GERMANY,23,5,63.06428849680582
ELECTRICITY,GERMANY,23,6,62.21058594661789
ELECTRICITY,GERMANY,23,7,61.105853421417905
ELECTRICITY,GERMANY,23,8,60.954196854473615
ELECTRICITY,GERMANY,23,9,62.648678690973675
ELECTRICITY,GERMANY,23,10,63.06009876285521
ELECTRICITY,GERMANY,23,11,61.60201233770878
ELECTRICITY,GERMANY,23,12,65.48182399663986
ELECTRICITY,GERMANY,24,1,65.44476550479511
ELECTRICITY,GERMANY,24,2,65.81098365828002
ELECTRICITY,GERMANY,24,3,63.98184023198741
ELECTRICITY,GERMANY,24,4,62.185565563588945
ELECTRICITY,GERMANY,24,5,61.90863005048796
ELECTRICITY,GERMANY,24,6,61.43524912440739
ELECTRICITY,GERMANY,24,7,60.266136321177754
ELECTRICITY,GERMANY,24,8,59.95662710186928
ELECTRICITY,GERMANY,24,9,61.790550365485814
ELECTRICITY,GERMANY,24,10,61.90243396506806
ELECTRICITY,GERMANY,24,11,60.84738814390195
ELECTRICITY,GERMANY,24,12,63.76503625262815
HEAT_HIGH_T,GERMANY,1,1,23.65296803652969
HEAT_HIGH_T,GERMANY,1,2,23.65296803652969
HEAT_HIGH_T,GERMANY,1,3,23.65296803652969
HEAT_HIGH_T,GERMANY,1,4,23.65296803652969
HEAT_HIGH_T,GERMANY,1,5,23.65296803652969
HEAT_HIGH_T,GERMANY,1,6,23.65296803652969
HEAT_HIGH_T,GERMANY,1,7,23.65296803652969
HEAT_HIGH_T,GERMANY,1,8,23.65296803652969
HEAT_HIGH_T,GERMANY,1,9,23.65296803652969
HEAT_HIGH_T,GERMANY,1,10,23.65296803652969
HEAT_HIGH_T,GERMANY,1,11,23.65296803652969
HEAT_HIGH_T,GERMANY,1,12,23.65296803652969
HEAT_HIGH_T,GERMANY,2,1,23.65296803652969
HEAT_HIGH_T,GERMANY,2,2,23.65296803652969
HEAT_HIGH_T,GERMANY,2,3,23.65296803652969
HEAT_HIGH_T,GERMANY,2,4,23.65296803652969
HEAT_HIGH_T,GERMANY,2,5,23.65296803652969
HEAT_HIGH_T,GERMANY,2,6,23.65296803652969
HEAT_HIGH_T,GERMANY,2,7,23.65296803652969
HEAT_HIGH_T,GERMANY,2,8,23.65296803652969
HEAT_HIGH_T,GERMANY,2,9,23.65296803652969
HEAT_HIGH_T,GERMANY,2,10,23.65296803652969
HEAT_HIGH_T,GERMANY,2,11,23.65296803652969
HEAT_HIGH_T,GERMANY,2,12,23.65296803652969
HEAT_HIGH_T,GERMANY,3,1,23.65296803652969
HEAT_HIGH_T,GERMANY,3,2,23.65296803652969
HEAT_HIGH_T,GERMANY,3,3,23.65296803652969
HEAT_HIGH_T,GERMANY,3,4,23.65296803652969
HEAT_HIGH_T,GERMANY,3,5,23.65296803652969
HEAT_HIGH_T,GERMANY,3,6,23.65296803652969
HEAT_HIGH_T,GERMANY,3,7,23.65296803652969
HEAT_HIGH_T,GERMANY,3,8,23.65296803652969
HEAT_HIGH_T,GERMANY,3,9,23.65296803652969
HEAT_HIGH_T,GERMANY,3,10,23.65296803652969
HEAT_HIGH_T,GERMANY,3,11,23.65296803652969
HEAT_HIGH_T,GERMANY,3,12,23.65296803652969
HEAT_HIGH_T,GERMANY,4,1,23.65296803652969
HEAT_HIGH_T,GERMANY,4,2,23.65296803652969
HEAT_HIGH_T,GERMANY,4,3,23.65296803652969
HEAT_HIGH_T,GERMANY,4,4,23.65296803652969
HEAT_HIGH_T,GERMANY,4,5,23.65296803652969
HEAT_HIGH_T,GERMANY,4,6,23.65296803652969
HEAT_HIGH_T,GERMANY,4,7,23.65296803652969
HEAT_HIGH_T,GERMANY,4,8,23.65296803652969
HEAT_HIGH_T,GERMANY,4,9,23.65296803652969
HEAT_HIGH_T,GERMANY,4,10,23.65296803652969
HEAT_HIGH_T,GERMANY,4,11,23.65296803652969
HEAT_HIGH_T,GERMANY,4,12,23.65296803652969
HEAT_HIGH_T,GERMANY,5,1,23.65296803652969
HEAT_HIGH_T,GERMANY,5,2,23.65296803652969
HEAT_HIGH_T,GERMANY,5,3,23.65296803652969
HEAT_HIGH_T,GERMANY,5,4,23.65296803652969
HEAT_HIGH_T,GERMANY,5,5,23.65296803652969
HEAT_HIGH_T,GERMANY,5,6,23.65296803652969
HEAT_HIGH_T,GERMANY,5,7,23.65296803652969
HEAT_HIGH_T,GERMANY,5,8,23.65296803652969
HEAT_HIGH_T,GERMANY,5,9,23.65296803652969
HEAT_HIGH_T,GERMANY,5,10,23.65296803652969
HEAT_HIGH_T,GERMANY,5,11,23.65296803652969
HEAT_HIGH_T,GERMANY,5,12,23.65296803652969
HEAT_HIGH_T,GERMANY,6,1,23.65296803652969
HEAT_HIGH_T,GERMANY,6,2,23.65296803652969
HEAT_HIGH_T,GERMANY,6,3,23.65296803652969
HEAT_HIGH_T,GERMANY,6,4,23.65296803652969
HEAT_HIGH_T,GERMANY,6,5,23.65296803652969
HEAT_HIGH_T,GERMANY,6,6,23.65296803652969
HEAT_HIGH_T,GERMANY,6,7,23.65296803652969
HEAT_HIGH_T,GERMANY,6,8,23.65296803652969
HEAT_HIGH_T,GERMANY,6,9,23.65296803652969
HEAT_HIGH_T,GERMANY,6,10,23.65296803652969
HEAT_HIGH_T,GERMANY,6,11,23.65296803652969
HEAT_HIGH_T,GERMANY,6,12,23.65296803652969
HEAT_HIGH_T,GERMANY,7,1,23.65296803652969
HEAT_HIGH_T,GERMANY,7,2,23.65296803652969
HEAT_HIGH_T,GERMANY,7,3,23.65296803652969
HEAT_HIGH_T,GERMANY,7,4,23.65296803652969
HEAT_HIGH_T,GERMANY,7,5,23.65296803652969
HEAT_HIGH_T,GERMANY,7,6,23.65296803652969
HEAT_HIGH_T,GERMANY,7,7,23.65296803652969
HEAT_HIGH_T,GERMANY,7,8,23.65296803652969
HEAT_HIGH_T,GERMANY,7,9,23.65296803652969
HEAT_HIGH_T,GERMANY,7,10,23.65296803652969
HEAT_HIGH_T,GERMANY,7,11,23.65296803652969
HEAT_HIGH_T,GERMANY,7,12,23.65296803652969
HEAT_HIGH_T,GERMANY,8,1,23.65296803652969
HEAT_HIGH_T,GERMANY,8,2,23.65296803652969
HEAT_HIGH_T,GERMANY,8,3,23.65296803652969
HEAT_HIGH_T,GERMANY,8,4,23.65296803652969
HEAT_HIGH_T,GERMANY,8,5,23.65296803652969
HEAT_HIGH_T,GERMANY,8,6,23.65296803652969
HEAT_HIGH_T,GERMANY,8,7,23.65296803652969
HEAT_HIGH_T,GERMANY,8,8,23.65296803652969
HEAT_HIGH_T,GERMANY,8,9,23.65296803652969
HEAT_HIGH_T,GERMANY,8,10,23.65296803652969
HEAT_HIGH_T,GERMANY,8,11,23.65296803652969
HEAT_HIGH_T,GERMANY,8,12,23.65296803652969
HEAT_HIGH_T,GERMANY,9,1,23.65296803652969
HEAT_HIGH_T,GERMANY,9,2,23.65296803652969
HEAT_HIGH_T,GERMANY,9,3,23.65296803652969
HEAT_HIGH_T,GERMANY,9,4,23.65296803652969
HEAT_HIGH_T,GERMANY,9,5,23.65296803652969
HEAT_HIGH_T,GERMANY,9,6,23.65296803652969
HEAT_HIGH_T,GERMANY,9,7,23.65296803652969
HEAT_HIGH_T,GERMANY,9,8,23.65296803652969
HEAT_HIGH_T,GERMANY,9,9,23.65296803652969
HEAT_HIGH_T,GERMANY,9,10,23.65296803652969
HEAT_HIGH_T,GERMANY,9,11,23.65296803652969
HEAT_HIGH_T,GERMANY,9,12,23.65296803652969
HEAT_HIGH_T,GERMANY,10,1,23.65296803652969
HEAT_HIGH_T,GERMANY,10,2,23.65296803652969
HEAT_HIGH_T,GERMANY,10,3,23.65296803652969
HEAT_HIGH_T,GERMANY,10,4,23.65296803652969
HEAT_HIGH_T,GERMANY,10,5,23.65296803652969
HEAT_HIGH_T,GERMANY,10,6,23.65296803652969
HEAT_HIGH_T,GERMANY,10,7,23.65296803652969
HEAT_HIGH_T,GERMANY,10,8,23.65296803652969
HEAT_HIGH_T,GERMANY,10,9,23.65296803652969
HEAT_HIGH_T,GERMANY,10,10,23.65296803652969
HEAT_HIGH_T,GERMANY,10,11,23.65296803652969
HEAT_HIGH_T,GERMANY,10,12,23.65296803652969
HEAT_HIGH_T,GERMANY,11,1,23.65296803652969
HEAT_HIGH_T,GERMANY,11,2,23.65296803652969
HEAT_HIGH_T,GERMANY,11,3,23.65296803652969
HEAT_HIGH_T,GERMANY,11,4,23.65296803652969
HEAT_HIGH_T,GERMANY,11,5,23.65296803652969
HEAT_HIGH_T,GERMANY,11,6,23.65296803652969
HEAT_HIGH_T,GERMANY,11,7,23.65296803652969
HEAT_HIGH_T,GERMANY,11,8,23.65296803652969
HEAT_HIGH_T,GERMANY,11,9,23.65296803652969
HEAT_HIGH_T,GERMANY,11,10,23.65296803652969
HEAT_HIGH_T,GERMANY,11,11,23.65296803652969
HEAT_HIGH_T,GERMANY,11,12,23.65296803652969
HEAT_HIGH_T,GERMANY,12,1,23.65296803652969
HEAT_HIGH_T,GERMANY,12,2,23.65296803652969
HEAT_HIGH_T,GERMANY,12,3,23.65296803652969
HEAT_HIGH_T,GERMANY,12,4,23.65296803652969
HEAT_HIGH_T,GERMANY,12,5,23.65296803652969
HEAT_HIGH_T,GERMANY,12,6,23.65296803652969
HEAT_HIGH_T,GERMANY,12,7,23.65296803652969
HEAT_HIGH_T,GERMANY,12,8,23.65296803652969
HEAT_HIGH_T,GERMANY,12,9,23.65296803652969
HEAT_HIGH_T,GERMANY,12,10,23.65296803652969
HEAT_HIGH_T,GERMANY,12,11,23.65296803652969
HEAT_HIGH_T,GERMANY,12,12,23.65296803652969
HEAT_HIGH_T,GERMANY,13,1,23.65296803652969
HEAT_HIGH_T,GERMANY,13,2,23.65296803652969
HEAT_HIGH_T,GERMANY,13,3,23.65296803652969
HEAT_HIGH_T,GERMANY,13,4,23.65296803652969
HEAT_HIGH_T,GERMANY,13,5,23.65296803652969
HEAT_HIGH_T,GERMANY,13,6,23.65296803652969
HEAT_HIGH_T,GERMANY,13,7,23.65296803652969
HEAT_HIGH_T,GERMANY,13,8,23.65296803652969
HEAT_HIGH_T,GERMANY,13,9,23.65296803652969
HEAT_HIGH_T,GERMANY,13,10,23.65296803652969
HEAT_HIGH_T,GERMANY,13,11,23.65296803652969
HEAT_HIGH_T,GERMANY,13,12,23.65296803652969
HEAT_HIGH_T,GERMANY,14,1,23.65296803652969
HEAT_HIGH_T,GERMANY,14,2,23.65296803652969
HEAT_HIGH_T,GERMANY,14,3,23.65296803652969
HEAT_HIGH_T,GERMANY,14,4,23.65296803652969
HEAT_HIGH_T,GERMANY,14,5,23.65296803652969
HEAT_HIGH_T,GERMANY,14,6,23.65296803652969
HEAT_HIGH_T,GERMANY,14,7,23.65296803652969
HEAT_HIGH_T,GERMANY,14,8,23.65296803652969
HEAT_HIGH_T,GERMANY,14,9,23.65296803652969
HEAT_HIGH_T,GERMANY,14,10,23.65296803652969
HEAT_HIGH_T,GERMANY,14,11,23.65296803652969
HEAT_HIGH_T,GERMANY,14,12,23.65296803652969
HEAT_HIGH_T,GERMANY,15,1,23.65296803652969
HEAT_HIGH_T,GERMANY,15,2,23.65296803652969
HEAT_HIGH_T,GERMANY,15,3,23.65296803652969
HEAT_HIGH_T,GERMANY,15,4,23.65296803652969
HEAT_HIGH_T,GERMANY,15,5,23.65296803652969
HEAT_HIGH_T,GERMANY,15,6,23.65296803652969
HEAT_HIGH_T,GERMANY,15,7,23.65296803652969
HEAT_HIGH_T,GERMANY,15,8,23.65296803652969
HEAT_HIGH_T,GERMANY,15,9,23.65296803652969
HEAT_HIGH_T,GERMANY,15,10,23.65296803652969
HEAT_HIGH_T,GERMANY,15,11,23.65296803652969
HEAT_HIGH_T,GERMANY,15,12,23.65296803652969
HEAT_HIGH_T,GERMANY,16,1,23.65296803652969
HEAT_HIGH_T,GERMANY,16,2,23.65296803652969
HEAT_HIGH_T,GERMANY,16,3,23.65296803652969
HEAT_HIGH_T,GERMANY,16,4,23.65296803652969
HEAT_HIGH_T,GERMANY,16,5,23.65296803652969
HEAT_HIGH_T,GERMANY,16,6,23.65296803652969
HEAT_HIGH_T,GERMANY,16,7,23.65296803652969
HEAT_HIGH_T,GERMANY,16,8,23.65296803652969
HEAT_HIGH_T,GERMANY,16,9,23.65296803652969
HEAT_HIGH_T,GERMANY,16,10,23.65296803652969
HEAT_HIGH_T,GERMANY,16,11,23.65296803652969
HEAT_HIGH_T,GERMANY,16,12,23.65296803652969
HEAT_HIGH_T,GERMANY,17,1,23.65296803652969
HEAT_HIGH_T,GERMANY,17,2,23.65296803652969
HEAT_HIGH_T,GERMANY,17,3,23.65296803652969
HEAT_HIGH_T,GERMANY,17,4,23.65296803652969
HEAT_HIGH_T,GERMANY,17,5,23.65296803652969
HEAT_HIGH_T,GERMANY,17,6,23.65296803652969
HEAT_HIGH_T,GERMANY,17,7,23.65296803652969
HEAT_HIGH_T,GERMANY,17,8,23.65296803652969
HEAT_HIGH_T,GERMANY,17,9,23.65296803652969
HEAT_HIGH_T,GERMANY,17,10,23.65296803652969
HEAT_HIGH_T,GERMANY,17,11,23.65296803652969
HEAT_HIGH_T,GERMANY,17,12,23.65296803652969
HEAT_HIGH_T,GERMANY,18,1,23.65296803652969
HEAT_HIGH_T,GERMANY,18,2,23.65296803652969
HEAT_HIGH_T,GERMANY,18,3,23.65296803652969
HEAT_HIGH_T,GERMANY,18,4,23.65296803652969
HEAT_HIGH_T,GERMANY,18,5,23.65296803652969
HEAT_HIGH_T,GERMANY,18,6,23.65296803652969
HEAT_HIGH_T,GERMANY,18,7,23.65296803652969
HEAT_HIGH_T,GERMANY,18,8,23.65296803652969
HEAT_HIGH_T,GERMANY,18,9,23.65296803652969
HEAT_HIGH_T,GERMANY,18,10,23.65296803652969
HEAT_HIGH_T,GERMANY,18,11,23.65296803652969
HEAT_HIGH_T,GERMANY,18,12,23.65296803652969
HEAT_HIGH_T,GERMANY,19,1,23.65296803652969
HEAT_HIGH_T,GERMANY,19,2,23.65296803652969
HEAT_HIGH_T,GERMANY,19,3,23.65296803652969
HEAT_HIGH_T,GERMANY,19,4,23.65296803652969
HEAT_HIGH_T,GERMANY,19,5,23.65296803652969
HEAT_HIGH_T,GERMANY,19,6,23.65296803652969
HEAT_HIGH_T,GERMANY,19,7,23.65296803652969
HEAT_HIGH_T,GERMANY,19,8,23.65296803652969
HEAT_HIGH_T,GERMANY,19,9,23.65296803652969
HEAT_HIGH_T,GERMANY,19,10,23.65296803652969
HEAT_HIGH_T,GERMANY,19,11,23.65296803652969
HEAT_HIGH_T,GERMANY,19,12,23.65296803652969
HEAT_HIGH_T,GERMANY,20,1,23.65296803652969
HEAT_HIGH_T,GERMANY,20,2,23.65296803652969
HEAT_HIGH_T,GERMANY,20,3,23.65296803652969
HEAT_HIGH_T,GERMANY,20,4,23.65296803652969
HEAT_HIGH_T,GERMANY,20,5,23.65296803652969
HEAT_HIGH_T,GERMANY,20,6,23.65296803652969
HEAT_HIGH_T,GERMANY,20,7,23.65296803652969
HEAT_HIGH_T,GERMANY,20,8,23.65296803652969
HEAT_HIGH_T,GERMANY,20,9,23.65296803652969
HEAT_HIGH_T,GERMANY,20,10,23.65296803652969
HEAT_HIGH_T,GERMANY,20,11,23.65296803652969
HEAT_HIGH_T,GERMANY,20,12,23.65296803652969
HEAT_HIGH_T,GERMANY,21,1,23.65296803652969
HEAT_HIGH_T,GERMANY,21,2,23.65296803652969
HEAT_HIGH_T,GERMANY,21,3,23.65296803652969
HEAT_HIGH_T,GERMANY,21,4,23.65296803652969
HEAT_HIGH_T,GERMANY,21,5,23.65296803652969
HEAT_HIGH_T,GERMANY,21,6,23.65296803652969
HEAT_HIGH_T,GERMANY,21,7,23.65296803652969
HEAT_HIGH_T,GERMANY,21,8,23.65296803652969
HEAT_HIGH_T,GERMANY,21,9,23.65296803652969
HEAT_HIGH_T,GERMANY,21,10,23.65296803652969
HEAT_HIGH_T,GERMANY,21,11,23.65296803652969
HEAT_HIGH_T,GERMANY,21,12,23.65296803652969
HEAT_HIGH_T,GERMANY,22,1,23.65296803652969
HEAT_HIGH_T,GERMANY,22,2,23.65296803652969
HEAT_HIGH_T,GERMANY,22,3,23.65296803652969
HEAT_HIGH_T,GERMANY,22,4,23.65296803652969
HEAT_HIGH_T,GERMANY,22,5,23.65296803652969
HEAT_HIGH_T,GERMANY,22,6,23.65296803652969
HEAT_HIGH_T,GERMANY,22,7,23.65296803652969
HEAT_HIGH_T,GERMANY,22,8,23.65296803652969
HEAT_HIGH_T,GERMANY,22,9,23.65296803652969
HEAT_HIGH_T,GERMANY,22,10,23.65296803652969
HEAT_HIGH_T,GERMANY,22,11,23.65296803652969
HEAT_HIGH_T,GERMANY,22,12,23.65296803652969
HEAT_HIGH_T,GERMANY,23,1,23.65296803652969
HEAT_HIGH_T,GERMANY,23,2,23.65296803652969
HEAT_HIGH_T,GERMANY,23,3,23.65296803652969
HEAT_HIGH_T,GERMANY,23,4,23.65296803652969
HEAT_HIGH_T,GERMANY,23,5,23.65296803652969
HEAT_HIGH_T,GERMANY,23,6,23.65296803652969
HEAT_HIGH_T,GERMANY,23,7,23.65296803652969
HEAT_HIGH_T,GERMANY,23,8,23.65296803652969
HEAT_HIGH_T,GERMANY,23,9,23.65296803652969
HEAT_HIGH_T,GERMANY,23,10,23.65296803652969
HEAT_HIGH_T,GERMANY,23,11,23.65296803652969
HEAT_HIGH_T,GERMANY,23,12,23.65296803652969
HEAT_HIGH_T,GERMANY,24,1,23.65296803652969
HEAT_HIGH_T,GERMANY,24,2,23.65296803652969
HEAT_HIGH_T,GERMANY,24,3,23.65296803652969
HEAT_HIGH_T,GERMANY,24,4,23.65296803652969
HEAT_HIGH_T,GERMANY,24,5,23.65296803652969
HEAT_HIGH_T,GERMANY,24,6,23.65296803652969
HEAT_HIGH_T,GERMANY,24,7,23.65296803652969
HEAT_HIGH_T,GERMANY,24,8,23.65296803652969
HEAT_HIGH_T,GERMANY,24,9,23.65296803652969
HEAT_HIGH_T,GERMANY,24,10,23.65296803652969
HEAT_HIGH_T,GERMANY,24,11,23.65296803652969
HEAT_HIGH_T,GERMANY,24,12,23.65296803652969
HEAT_LOW_T_DECEN,GERMANY,1,1,41.34080377282022
HEAT_LOW_T_DECEN,GERMANY,1,2,50.38253006051623
HEAT_LOW_T_DECEN,GERMANY,1,3,37.7262338489298
HEAT_LOW_T_DECEN,GERMANY,1,4,30.783744544252627
HEAT_LOW_T_DECEN,GERMANY,1,5,16.17746834480194
HEAT_LOW_T_DECEN,GERMANY,1,6,30.69002331132893
HEAT_LOW_T_DECEN,GERMANY,1,7,14.953827912096376
HEAT_LOW_T_DECEN,GERMANY,1,8,15.804980818063255
HEAT_LOW_T_DECEN,GERMANY,1,9,14.94900838666913
HEAT_LOW_T_DECEN,GERMANY,1,10,25.415312244114407
HEAT_LOW_T_DECEN,GERMANY,1,11,38.38309809139108
HEAT_LOW_T_DECEN,GERMANY,1,12,39.34396316849413
HEAT_LOW_T_DECEN,GERMANY,2,1,41.712055523808324
HEAT_LOW_T_DECEN,GERMANY,2,2,50.880992567268656
HEAT_LOW_T_DECEN,GERMANY,2,3,38.046645785539205
HEAT_LOW_T_DECEN,GERMANY,2,4,32.37594273681004
HEAT_LOW_T_DECEN,GERMANY,2,5,16.300996488829544
HEAT_LOW_T_DECEN,GERMANY,2,6,32.272804892666954
HEAT_LOW_T_DECEN,GERMANY,2,7,14.95434693791162
HEAT_LOW_T_DECEN,GERMANY,2,8,15.891064956848396
HEAT_LOW_T_DECEN,GERMANY,2,9,14.94903310218414
HEAT_LOW_T_DECEN,GERMANY,2,10,26.46772358882013
HEAT_LOW_T_DECEN,GERMANY,2,11,39.05849897011102
HEAT_LOW_T_DECEN,GERMANY,2,12,39.68713809442914
HEAT_LOW_T_DECEN,GERMANY,3,1,44.40310551377812
HEAT_LOW_T_DECEN,GERMANY,3,2,54.49398069819835
HEAT_LOW_T_DECEN,GERMANY,3,3,40.36913801565714
HEAT_LOW_T_DECEN,GERMANY,3,4,37.62633373725322
HEAT_LOW_T_DECEN,GERMANY,3,5,16.70840703827951
HEAT_LOW_T_DECEN,GERMANY,3,6,37.49210377522563
HEAT_LOW_T_DECEN,GERMANY,3,7,14.956027592932402
HEAT_LOW_T_DECEN,GERMANY,3,8,16.174947362270768
HEAT_LOW_T_DECEN,GERMANY,3,9,14.949107248729177
HEAT_LOW_T_DECEN,GERMANY,3,10,29.938103198133316
HEAT_LOW_T_DECEN,GERMANY,3,11,41.97799446533233
HEAT_LOW_T_DECEN,GERMANY,3,12,42.174581671733996
HEAT_LOW_T_DECEN,GERMANY,4,1,53.27698873903088
HEAT_LOW_T_DECEN,GERMANY,4,2,66.40799584744367
HEAT_LOW_T_DECEN,GERMANY,4,3,48.02768522124821
HEAT_LOW_T_DECEN,GERMANY,4,4,46.86383161935552
HEAT_LOW_T_DECEN,GERMANY,4,5,17.42515697361372
HEAT_LOW_T_DECEN,GERMANY,4,6,46.67495565363745
HEAT_LOW_T_DECEN,GERMANY,4,7,14.958968739218776
HEAT_LOW_T_DECEN,GERMANY,4,8,16.674423205138662
HEAT_LOW_T_DECEN,GERMANY,4,9,14.949230826304234
HEAT_LOW_T_DECEN,GERMANY,4,10,36.04387345761034
HEAT_LOW_T_DECEN,GERMANY,4,11,50.034807479819094
HEAT_LOW_T_DECEN,GERMANY,4,12,50.37704321618368
HEAT_LOW_T_DECEN,GERMANY,5,1,68.88968070975085
HEAT_LOW_T_DECEN,GERMANY,5,2,87.36949599938269
HEAT_LOW_T_DECEN,GERMANY,5,3,61.502114410746124
HEAT_LOW_T_DECEN,GERMANY,5,4,49.20992716630947
HEAT_LOW_T_DECEN,GERMANY,5,5,17.607186741673598
HEAT_LOW_T_DECEN,GERMANY,5,6,49.00716108115492
HEAT_LOW_T_DECEN,GERMANY,5,7,14.95971020466912
HEAT_LOW_T_DECEN,GERMANY,5,8,16.801263228177806
HEAT_LOW_T_DECEN,GERMANY,5,9,14.949255541819243
HEAT_LOW_T_DECEN,GERMANY,5,10,37.594599015978424
HEAT_LOW_T_DECEN,GERMANY,5,11,62.30507206244053
HEAT_LOW_T_DECEN,GERMANY,5,12,64.80848186244283
HEAT_LOW_T_DECEN,GERMANY,6,1,72.85491436062476
HEAT_LOW_T_DECEN,GERMANY,6,2,92.69319321735006
HEAT_LOW_T_DECEN,GERMANY,6,3,64.92429876578683
HEAT_LOW_T_DECEN,GERMANY,6,4,47.47556533140576
HEAT_LOW_T_DECEN,GERMANY,6,5,17.472610762435846
HEAT_LOW_T_DECEN,GERMANY,6,6,47.283056184981
HEAT_LOW_T_DECEN,GERMANY,6,7,14.959166463338866
HEAT_LOW_T_DECEN,GERMANY,6,8,16.707492564224083
HEAT_LOW_T_DECEN,GERMANY,6,9,14.949230826304234
HEAT_LOW_T_DECEN,GERMANY,6,10,36.44821928319888
HEAT_LOW_T_DECEN,GERMANY,6,11,65.6003916789271
HEAT_LOW_T_DECEN,GERMANY,6,12,68.47369387659187
HEAT_LOW_T_DECEN,GERMANY,7,1,69.9235554181979
HEAT_LOW_T_DECEN,GERMANY,7,2,88.75756875345994
HEAT_LOW_T_DECEN,GERMANY,7,3,62.394418649207196
HEAT_LOW_T_DECEN,GERMANY,7,4,46.002446490173874
HEAT_LOW_T_DECEN,GERMANY,7,5,17.35832622102256
HEAT_LOW_T_DECEN,GERMANY,7,6,45.81866192054817
HEAT_LOW_T_DECEN,GERMANY,7,7,14.958696868553647
HEAT_LOW_T_DECEN,GERMANY,7,8,16.62783445934194
HEAT_LOW_T_DECEN,GERMANY,7,9,14.949230826304234
HEAT_LOW_T_DECEN,GERMANY,7,10,35.47452685380487
HEAT_LOW_T_DECEN,GERMANY,7,11,62.75590777176575
HEAT_LOW_T_DECEN,GERMANY,7,12,65.76413196587843
HEAT_LOW_T_DECEN,GERMANY,8,1,67.43381329799699
HEAT_LOW_T_DECEN,GERMANY,8,2,85.41486949469628
HEAT_LOW_T_DECEN,GERMANY,8,3,60.245651774105255
HEAT_LOW_T_DECEN,GERMANY,8,4,44.48960981631846
HEAT_LOW_T_DECEN,GERMANY,8,5,17.240927524717815
HEAT_LOW_T_DECEN,GERMANY,8,6,44.314796978641944
HEAT_LOW_T_DECEN,GERMANY,8,7,14.958202558253417
HEAT_LOW_T_DECEN,GERMANY,8,8,16.54605082016881
HEAT_LOW_T_DECEN,GERMANY,8,9,14.949206110789223
HEAT_LOW_T_DECEN,GERMANY,8,10,34.47458654746861
HEAT_LOW_T_DECEN,GERMANY,8,11,60.522070093994145
HEAT_LOW_T_DECEN,GERMANY,8,12,63.462771501095354
HEAT_LOW_T_DECEN,GERMANY,9,1,64.87691912350975
HEAT_LOW_T_DECEN,GERMANY,9,2,81.98198332165559
HEAT_LOW_T_DECEN,GERMANY,9,3,58.0389270163013
HEAT_LOW_T_DECEN,GERMANY,9,4,43.00064832996418
HEAT_LOW_T_DECEN,GERMANY,9,5,17.12540720755395
HEAT_LOW_T_DECEN,GERMANY,9,6,42.83463421563177
HEAT_LOW_T_DECEN,GERMANY,9,7,14.957732963468198
HEAT_LOW_T_DECEN,GERMANY,9,8,16.46552767226126
HEAT_LOW_T_DECEN,GERMANY,9,9,14.94918139527421
HEAT_LOW_T_DECEN,GERMANY,9,10,33.490414739709706
HEAT_LOW_T_DECEN,GERMANY,9,11,58.44656000538637
HEAT_LOW_T_DECEN,GERMANY,9,12,61.09932566260331
HEAT_LOW_T_DECEN,GERMANY,10,1,62.36036066952131
HEAT_LOW_T_DECEN,GERMANY,10,2,78.60327355752014
HEAT_LOW_T_DECEN,GERMANY,10,3,55.86702641914857
HEAT_LOW_T_DECEN,GERMANY,10,4,41.950486097124504
HEAT_LOW_T_DECEN,GERMANY,10,5,17.043920154560954
HEAT_LOW_T_DECEN,GERMANY,10,6,41.790675577059986
HEAT_LOW_T_DECEN,GERMANY,10,7,14.957386946258037
HEAT_LOW_T_DECEN,GERMANY,10,8,16.408756134279788
HEAT_LOW_T_DECEN,GERMANY,10,9,14.949156679759199
HEAT_LOW_T_DECEN,GERMANY,10,10,32.79625478509603
HEAT_LOW_T_DECEN,GERMANY,10,11,56.46118740002562
HEAT_LOW_T_DECEN,GERMANY,10,12,58.773175536263665
HEAT_LOW_T_DECEN,GERMANY,11,1,60.58541595896869
HEAT_LOW_T_DECEN,GERMANY,11,2,76.22022831562396
HEAT_LOW_T_DECEN,GERMANY,11,3,54.335183514249294
HEAT_LOW_T_DECEN,GERMANY,11,4,41.3495530651343
HEAT_LOW_T_DECEN,GERMANY,11,5,16.997281977734207
HEAT_LOW_T_DECEN,GERMANY,11,6,41.19330157923144
HEAT_LOW_T_DECEN,GERMANY,11,7,14.957213937652956
HEAT_LOW_T_DECEN,GERMANY,11,8,16.376255232039632
HEAT_LOW_T_DECEN,GERMANY,11,9,14.949156679759199
HEAT_LOW_T_DECEN,GERMANY,11,10,32.39907645886083
HEAT_LOW_T_DECEN,GERMANY,11,11,54.799934058526006
HEAT_LOW_T_DECEN,GERMANY,11,12,57.13251021876865
HEAT_LOW_T_DECEN,GERMANY,12,1,59.569781300600106
HEAT_LOW_T_DECEN,GERMANY,12,2,74.85664863692314
HEAT_LOW_T_DECEN,GERMANY,12,3,53.45864777436558
HEAT_LOW_T_DECEN,GERMANY,12,4,40.831614732552794
HEAT_LOW_T_DECEN,GERMANY,12,5,16.95709455032547
HEAT_LOW_T_DECEN,GERMANY,12,6,40.678427970511365
HEAT_LOW_T_DECEN,GERMANY,12,7,14.957040929047874
HEAT_LOW_T_DECEN,GERMANY,12,8,16.348252553531577
HEAT_LOW_T_DECEN,GERMANY,12,9,14.949156679759199
HEAT_LOW_T_DECEN,GERMANY,12,10,32.056717144921194
HEAT_LOW_T_DECEN,GERMANY,12,11,53.683237659275306
HEAT_LOW_T_DECEN,GERMANY,12,12,56.193740812085906
HEAT_LOW_T_DECEN,GERMANY,13,1,58.69435775889191
HEAT_LOW_T_DECEN,GERMANY,13,2,73.68132703606511
HEAT_LOW_T_DECEN,GERMANY,13,3,52.703119195978296
HEAT_LOW_T_DECEN,GERMANY,13,4,40.801758390418875
HEAT_LOW_T_DECEN,GERMANY,13,5,16.954796007429398
HEAT_LOW_T_DECEN,GERMANY,13,6,40.64874463698253
HEAT_LOW_T_DECEN,GERMANY,13,7,14.957016213532862
HEAT_LOW_T_DECEN,GERMANY,13,8,16.346646045055827
HEAT_LOW_T_DECEN,GERMANY,13,9,14.949156679759199
HEAT_LOW_T_DECEN,GERMANY,13,10,32.036994163942
HEAT_LOW_T_DECEN,GERMANY,13,11,53.159540611696116
HEAT_LOW_T_DECEN,GERMANY,13,12,55.3845548506086
HEAT_LOW_T_DECEN,GERMANY,14,1,58.6439133927534
HEAT_LOW_T_DECEN,GERMANY,14,2,73.61358180941853
HEAT_LOW_T_DECEN,GERMANY,14,3,52.65957045852799
HEAT_LOW_T_DECEN,GERMANY,14,4,41.107069147356235
HEAT_LOW_T_DECEN,GERMANY,14,5,16.97847347081044
HEAT_LOW_T_DECEN,GERMANY,14,6,40.95225116132404
HEAT_LOW_T_DECEN,GERMANY,14,7,14.957115075592911
HEAT_LOW_T_DECEN,GERMANY,14,8,16.363156009083525
HEAT_LOW_T_DECEN,GERMANY,14,9,14.949156679759199
HEAT_LOW_T_DECEN,GERMANY,14,10,32.23879634401109
HEAT_LOW_T_DECEN,GERMANY,14,11,53.1689325074005
HEAT_LOW_T_DECEN,GERMANY,14,12,55.337916673781855
HEAT_LOW_T_DECEN,GERMANY,15,1,59.159923915164
HEAT_LOW_T_DECEN,GERMANY,15,2,74.30638241070656
HEAT_LOW_T_DECEN,GERMANY,15,3,53.10491932352064
HEAT_LOW_T_DECEN,GERMANY,15,4,42.085976550417676
HEAT_LOW_T_DECEN,GERMANY,15,5,17.054424248440853
HEAT_LOW_T_DECEN,GERMANY,15,6,41.925375133872805
HEAT_LOW_T_DECEN,GERMANY,15,7,14.957436377288058
HEAT_LOW_T_DECEN,GERMANY,15,8,16.4160719267232
HEAT_LOW_T_DECEN,GERMANY,15,9,14.949156679759199
HEAT_LOW_T_DECEN,GERMANY,15,10,32.885823811497794
HEAT_LOW_T_DECEN,GERMANY,15,11,53.76855561709509
HEAT_LOW_T_DECEN,GERMANY,15,12,55.814876682474264
HEAT_LOW_T_DECEN,GERMANY,16,1,60.81442992106547
HEAT_LOW_T_DECEN,GERMANY,16,2,76.52771403788235
HEAT_LOW_T_DECEN,GERMANY,16,3,54.53283348779645
HEAT_LOW_T_DECEN,GERMANY,16,4,43.05353953208884
HEAT_LOW_T_DECEN,GERMANY,16,5,17.129509983045864
HEAT_LOW_T_DECEN,GERMANY,16,6,42.88720411606128
HEAT_LOW_T_DECEN,GERMANY,16,7,14.95775767898321
HEAT_LOW_T_DECEN,GERMANY,16,8,16.468394672002596
HEAT_LOW_T_DECEN,GERMANY,16,9,14.94918139527421
HEAT_LOW_T_DECEN,GERMANY,16,10,33.525362477936
HEAT_LOW_T_DECEN,GERMANY,16,11,55.44822201727829
HEAT_LOW_T_DECEN,GERMANY,16,12,57.344223320357365
HEAT_LOW_T_DECEN,GERMANY,17,1,62.449756687318
HEAT_LOW_T_DECEN,GERMANY,17,2,78.7232920984161
HEAT_LOW_T_DECEN,GERMANY,17,3,55.94418825701455
HEAT_LOW_T_DECEN,GERMANY,17,4,43.92377281564462
HEAT_LOW_T_DECEN,GERMANY,17,5,17.197032770057348
HEAT_LOW_T_DECEN,GERMANY,17,6,43.752296572494664
HEAT_LOW_T_DECEN,GERMANY,17,7,14.958029549648336
HEAT_LOW_T_DECEN,GERMANY,17,8,16.515453012584537
HEAT_LOW_T_DECEN,GERMANY,17,9,14.94918139527421
HEAT_LOW_T_DECEN,GERMANY,17,10,34.10056665879921
HEAT_LOW_T_DECEN,GERMANY,17,11,57.08710781769248
HEAT_LOW_T_DECEN,GERMANY,17,12,58.855799502947185
HEAT_LOW_T_DECEN,GERMANY,18,1,63.920576985653824
HEAT_LOW_T_DECEN,GERMANY,18,2,80.6980123168069
HEAT_LOW_T_DECEN,GERMANY,18,3,57.213577108006454
HEAT_LOW_T_DECEN,GERMANY,18,4,44.30557809154264
HEAT_LOW_T_DECEN,GERMANY,18,5,17.226666672556167
HEAT_LOW_T_DECEN,GERMANY,18,6,44.13182802101163
HEAT_LOW_T_DECEN,GERMANY,18,7,14.958153127223392
HEAT_LOW_T_DECEN,GERMANY,18,8,16.53609046761916
HEAT_LOW_T_DECEN,GERMANY,18,9,14.949206110789223
HEAT_LOW_T_DECEN,GERMANY,18,10,34.352936782581885
HEAT_LOW_T_DECEN,GERMANY,18,11,58.30063960475833
HEAT_LOW_T_DECEN,GERMANY,18,12,60.215325837186114
HEAT_LOW_T_DECEN,GERMANY,19,1,64.5658496515747
HEAT_LOW_T_DECEN,GERMANY,19,2,81.56434054899086
HEAT_LOW_T_DECEN,GERMANY,19,3,57.770467092246115
HEAT_LOW_T_DECEN,GERMANY,19,4,43.68141247544161
HEAT_LOW_T_DECEN,GERMANY,19,5,17.17822426313358
HEAT_LOW_T_DECEN,GERMANY,19,6,43.51136973216232
HEAT_LOW_T_DECEN,GERMANY,19,7,14.957955403103302
HEAT_LOW_T_DECEN,GERMANY,19,8,16.50235378962843
HEAT_LOW_T_DECEN,GERMANY,19,9,14.94918139527421
HEAT_LOW_T_DECEN,GERMANY,19,10,33.94038540600952
HEAT_LOW_T_DECEN,GERMANY,19,11,59.08782875787538
HEAT_LOW_T_DECEN,GERMANY,19,12,60.811785360959234
HEAT_LOW_T_DECEN,GERMANY,20,1,63.510942039852814
HEAT_LOW_T_DECEN,GERMANY,20,2,80.14804267677043
HEAT_LOW_T_DECEN,GERMANY,20,3,56.860046381281606
HEAT_LOW_T_DECEN,GERMANY,20,4,40.96648729797069
HEAT_LOW_T_DECEN,GERMANY,20,5,16.967573928690356
HEAT_LOW_T_DECEN,GERMANY,20,6,40.81248492393388
HEAT_LOW_T_DECEN,GERMANY,20,7,14.957090360077897
HEAT_LOW_T_DECEN,GERMANY,20,8,16.355543630459973
HEAT_LOW_T_DECEN,GERMANY,20,9,14.949156679759199
HEAT_LOW_T_DECEN,GERMANY,20,10,32.14586600756776
HEAT_LOW_T_DECEN,GERMANY,20,11,58.512624577012176
HEAT_LOW_T_DECEN,GERMANY,20,12,59.83670886272457
HEAT_LOW_T_DECEN,GERMANY,21,1,58.922308953843206
HEAT_LOW_T_DECEN,GERMANY,21,2,73.98737925845282
HEAT_LOW_T_DECEN,GERMANY,21,3,52.899854695470026
HEAT_LOW_T_DECEN,GERMANY,21,4,36.55244461000248
HEAT_LOW_T_DECEN,GERMANY,21,5,16.62506632166065
HEAT_LOW_T_DECEN,GERMANY,21,6,36.42456653533286
HEAT_LOW_T_DECEN,GERMANY,21,7,14.95568157572224
HEAT_LOW_T_DECEN,GERMANY,21,8,16.116890617508695
HEAT_LOW_T_DECEN,GERMANY,21,9,14.949082533214165
HEAT_LOW_T_DECEN,GERMANY,21,10,29.228298322517347
HEAT_LOW_T_DECEN,GERMANY,21,11,54.59160698249386
HEAT_LOW_T_DECEN,GERMANY,21,12,55.595254616081846
HEAT_LOW_T_DECEN,GERMANY,22,1,51.461980178644566
HEAT_LOW_T_DECEN,GERMANY,22,2,63.97116964488241
HEAT_LOW_T_DECEN,GERMANY,22,3,46.461240595332804
HEAT_LOW_T_DECEN,GERMANY,22,4,31.924711579244644
HEAT_LOW_T_DECEN,GERMANY,22,5,16.265999319573222
HEAT_LOW_T_DECEN,GERMANY,22,6,31.824243010722796
HEAT_LOW_T_DECEN,GERMANY,22,7,14.954198644821549
HEAT_LOW_T_DECEN,GERMANY,22,8,15.866670743532021
HEAT_LOW_T_DECEN,GERMANY,22,9,14.94903310218414
HEAT_LOW_T_DECEN,GERMANY,22,10,26.169481469176066
HEAT_LOW_T_DECEN,GERMANY,22,11,47.88166595856012
HEAT_LOW_T_DECEN,GERMANY,22,12,48.6993540572014
HEAT_LOW_T_DECEN,GERMANY,23,1,43.64048358258253
HEAT_LOW_T_DECEN,GERMANY,23,2,53.47009105781592
HEAT_LOW_T_DECEN,GERMANY,23,3,39.71096385090025
HEAT_LOW_T_DECEN,GERMANY,23,4,29.927030647408152
HEAT_LOW_T_DECEN,GERMANY,23,5,16.11098360942094
HEAT_LOW_T_DECEN,GERMANY,23,6,29.838376095061815
HEAT_LOW_T_DECEN,GERMANY,23,7,14.953556041431249
HEAT_LOW_T_DECEN,GERMANY,23,8,15.758663942931658
HEAT_LOW_T_DECEN,GERMANY,23,9,14.94900838666913
HEAT_LOW_T_DECEN,GERMANY,23,10,24.849055079685368
HEAT_LOW_T_DECEN,GERMANY,23,11,40.849113317180944
HEAT_LOW_T_DECEN,GERMANY,23,12,41.469645752575296
HEAT_LOW_T_DECEN,GERMANY,24,1,40.264097076858164
HEAT_LOW_T_DECEN,GERMANY,24,2,48.9369690185222
HEAT_LOW_T_DECEN,GERMANY,24,3,37.088919578842635
HEAT_LOW_T_DECEN,GERMANY,24,4,30.5640730468302
HEAT_LOW_T_DECEN,GERMANY,24,5,16.160414639443992
HEAT_LOW_T_DECEN,GERMANY,24,6,30.471661736202105
HEAT_LOW_T_DECEN,GERMANY,24,7,14.953778481066353
HEAT_LOW_T_DECEN,GERMANY,24,8,15.793092655342713
HEAT_LOW_T_DECEN,GERMANY,24,9,14.94900838666913
HEAT_LOW_T_DECEN,GERMANY,24,10,25.27013330893671
HEAT_LOW_T_DECEN,GERMANY,24,11,37.63258676255114
HEAT_LOW_T_DECEN,GERMANY,24,12,38.348718810010055
HEAT_LOW_T_DHN,GERMANY,1,1,24.279519676100765
HEAT_LOW_T_DHN,GERMANY,1,2,29.58973987681112
HEAT_LOW_T_DHN,GERMANY,1,3,22.156677022387345
HEAT_LOW_T_DHN,GERMANY,1,4,18.079342033926146
HEAT_LOW_T_DHN,GERMANY,1,5,9.501052837423362
HEAT_LOW_T_DHN,GERMANY,1,6,18.024299405066195
HEAT_LOW_T_DHN,GERMANY,1,7,8.782406869008984
HEAT_LOW_T_DHN,GERMANY,1,8,9.28229032171969
HEAT_LOW_T_DHN,GERMANY,1,9,8.779576354075521
HEAT_LOW_T_DHN,GERMANY,1,10,14.926453222733858
HEAT_LOW_T_DHN,GERMANY,1,11,22.54245443462651
HEAT_LOW_T_DHN,GERMANY,1,12,23.106772019591787
HEAT_LOW_T_DHN,GERMANY,2,1,24.497556418744573
HEAT_LOW_T_DHN,GERMANY,2,2,29.88248769823715
HEAT_LOW_T_DHN,GERMANY,2,3,22.344855461348423
HEAT_LOW_T_DHN,GERMANY,2,4,19.01444255971383
HEAT_LOW_T_DHN,GERMANY,2,5,9.573601112487191
HEAT_LOW_T_DHN,GERMANY,2,6,18.953869540137735
HEAT_LOW_T_DHN,GERMANY,2,7,8.782711693694125
HEAT_LOW_T_DHN,GERMANY,2,8,9.332847673069693
HEAT_LOW_T_DHN,GERMANY,2,9,8.779590869536717
HEAT_LOW_T_DHN,GERMANY,2,10,15.544536075973728
HEAT_LOW_T_DHN,GERMANY,2,11,22.939118442763615
HEAT_LOW_T_DHN,GERMANY,2,12,23.308319198315527
HEAT_LOW_T_DHN,GERMANY,3,1,26.078014349361755
HEAT_LOW_T_DHN,GERMANY,3,2,32.004401362433946
HEAT_LOW_T_DHN,GERMANY,3,3,23.70885883459229
HEAT_LOW_T_DHN,GERMANY,3,4,22.098005528228082
HEAT_LOW_T_DHN,GERMANY,3,5,9.812873974862569
HEAT_LOW_T_DHN,GERMANY,3,6,22.01917205846585
HEAT_LOW_T_DHN,GERMANY,3,7,8.783698745055537
HEAT_LOW_T_DHN,GERMANY,3,8,9.499572260381244
HEAT_LOW_T_DHN,GERMANY,3,9,8.77963441592031
HEAT_LOW_T_DHN,GERMANY,3,10,17.582695529062423
HEAT_LOW_T_DHN,GERMANY,3,11,24.653742781226924
HEAT_LOW_T_DHN,GERMANY,3,12,24.769198759589806
HEAT_LOW_T_DHN,GERMANY,4,1,31.289660053081626
HEAT_LOW_T_DHN,GERMANY,4,2,39.00152137072089
HEAT_LOW_T_DHN,GERMANY,4,3,28.206735764860063
HEAT_LOW_T_DHN,GERMANY,4,4,27.523202697081814
HEAT_LOW_T_DHN,GERMANY,4,5,10.233822349582661
HEAT_LOW_T_DHN,GERMANY,4,6,27.41227554261247
HEAT_LOW_T_DHN,GERMANY,4,7,8.78542608493801
HEAT_LOW_T_DHN,GERMANY,4,8,9.792915215716357
HEAT_LOW_T_DHN,GERMANY,4,9,8.779706993226295
HEAT_LOW_T_DHN,GERMANY,4,10,21.168624094152104
HEAT_LOW_T_DHN,GERMANY,4,11,29.385521853227086
HEAT_LOW_T_DHN,GERMANY,4,12,29.586517444425336
HEAT_LOW_T_DHN,GERMANY,5,1,40.45901882953621
HEAT_LOW_T_DHN,GERMANY,5,2,51.31224368217714
HEAT_LOW_T_DHN,GERMANY,5,3,36.120289415835025
HEAT_LOW_T_DHN,GERMANY,5,4,28.901068335769054
HEAT_LOW_T_DHN,GERMANY,5,5,10.340728721300367
HEAT_LOW_T_DHN,GERMANY,5,6,28.781983492106857
HEAT_LOW_T_DHN,GERMANY,5,7,8.785861548773928
HEAT_LOW_T_DHN,GERMANY,5,8,9.867408562580616
HEAT_LOW_T_DHN,GERMANY,5,9,8.779721508687492
HEAT_LOW_T_DHN,GERMANY,5,10,22.07936767605082
HEAT_LOW_T_DHN,GERMANY,5,11,36.59186771921111
HEAT_LOW_T_DHN,GERMANY,5,12,38.062124268418806
HEAT_LOW_T_DHN,GERMANY,6,1,42.78780684671613
HEAT_LOW_T_DHN,GERMANY,6,2,54.43885950860241
HEAT_LOW_T_DHN,GERMANY,6,3,38.13014371958909
HEAT_LOW_T_DHN,GERMANY,6,4,27.88247487717481
HEAT_LOW_T_DHN,GERMANY,6,5,10.26169203508137
HEAT_LOW_T_DHN,GERMANY,6,6,27.769413949909474
HEAT_LOW_T_DHN,GERMANY,6,7,8.785542208627588
HEAT_LOW_T_DHN,GERMANY,6,8,9.812336902798272
HEAT_LOW_T_DHN,GERMANY,6,9,8.779706993226295
HEAT_LOW_T_DHN,GERMANY,6,10,21.406097039339027
HEAT_LOW_T_DHN,GERMANY,6,11,38.52721416063972
HEAT_LOW_T_DHN,GERMANY,6,12,40.21470910212538
HEAT_LOW_T_DHN,GERMANY,7,1,41.06621508687814
HEAT_LOW_T_DHN,GERMANY,7,2,52.12746101393679
HEAT_LOW_T_DHN,GERMANY,7,3,36.64434111143915
HEAT_LOW_T_DHN,GERMANY,7,4,27.01730984343545
HEAT_LOW_T_DHN,GERMANY,7,5,10.194572542505313
HEAT_LOW_T_DHN,GERMANY,7,6,26.909372873972735
HEAT_LOW_T_DHN,GERMANY,7,7,8.785266414864841
HEAT_LOW_T_DHN,GERMANY,7,8,9.765553571359552
HEAT_LOW_T_DHN,GERMANY,7,9,8.779706993226295
HEAT_LOW_T_DHN,GERMANY,7,10,20.834245930012383
HEAT_LOW_T_DHN,GERMANY,7,11,36.85664424691004
HEAT_LOW_T_DHN,GERMANY,7,12,38.62337909107146
HEAT_LOW_T_DHN,GERMANY,8,1,39.603985587712515
HEAT_LOW_T_DHN,GERMANY,8,2,50.164288433393054
HEAT_LOW_T_DHN,GERMANY,8,3,35.38236691495071
HEAT_LOW_T_DHN,GERMANY,8,4,26.12881846355211
HEAT_LOW_T_DHN,GERMANY,8,5,10.1256241018184
HEAT_LOW_T_DHN,GERMANY,8,6,26.026150606503997
HEAT_LOW_T_DHN,GERMANY,8,7,8.784976105640895
HEAT_LOW_T_DHN,GERMANY,8,8,9.71752191025787
HEAT_LOW_T_DHN,GERMANY,8,9,8.7796924777651
HEAT_LOW_T_DHN,GERMANY,8,10,20.24697940089426
HEAT_LOW_T_DHN,GERMANY,8,11,35.54470783298069
HEAT_LOW_T_DHN,GERMANY,8,12,37.27178643715124
HEAT_LOW_T_DHN,GERMANY,9,1,38.10231758047398
HEAT_LOW_T_DHN,GERMANY,9,2,48.14814893494058
HEAT_LOW_T_DHN,GERMANY,9,3,34.08635396195473
HEAT_LOW_T_DHN,GERMANY,9,4,25.254349019185312
HEAT_LOW_T_DHN,GERMANY,9,5,10.057778836182479
HEAT_LOW_T_DHN,GERMANY,9,6,25.15684866632342
HEAT_LOW_T_DHN,GERMANY,9,7,8.784700311878149
HEAT_LOW_T_DHN,GERMANY,9,8,9.670230537677249
HEAT_LOW_T_DHN,GERMANY,9,9,8.7796779623039
HEAT_LOW_T_DHN,GERMANY,9,10,19.668973736019986
HEAT_LOW_T_DHN,GERMANY,9,11,34.325757463480876
HEAT_LOW_T_DHN,GERMANY,9,12,35.88373094470354
HEAT_LOW_T_DHN,GERMANY,10,1,36.624338805909346
HEAT_LOW_T_DHN,GERMANY,10,2,46.16382732743246
HEAT_LOW_T_DHN,GERMANY,10,3,32.810793293785665
HEAT_LOW_T_DHN,GERMANY,10,4,24.637587072914393
HEAT_LOW_T_DHN,GERMANY,10,5,10.009921360615163
HEAT_LOW_T_DHN,GERMANY,10,6,24.543730100813008
HEAT_LOW_T_DHN,GERMANY,10,7,8.784497095421386
HEAT_LOW_T_DHN,GERMANY,10,8,9.636888523307178
HEAT_LOW_T_DHN,GERMANY,10,9,8.779663446842704
HEAT_LOW_T_DHN,GERMANY,10,10,19.261292492834176
HEAT_LOW_T_DHN,GERMANY,10,11,33.15974498096743
HEAT_LOW_T_DHN,GERMANY,10,12,34.517579283202465
HEAT_LOW_T_DHN,GERMANY,11,1,35.58191096002923
HEAT_LOW_T_DHN,GERMANY,11,2,44.76426107425534
HEAT_LOW_T_DHN,GERMANY,11,3,31.911139524241648
HEAT_LOW_T_DHN,GERMANY,11,4,24.28465814936459
HEAT_LOW_T_DHN,GERMANY,11,5,9.982530685335963
HEAT_LOW_T_DHN,GERMANY,11,6,24.192891403675606
HEAT_LOW_T_DHN,GERMANY,11,7,8.784395487193006
HEAT_LOW_T_DHN,GERMANY,11,8,9.6178006918328
HEAT_LOW_T_DHN,GERMANY,11,9,8.779663446842704
HEAT_LOW_T_DHN,GERMANY,11,10,19.028029031394457
HEAT_LOW_T_DHN,GERMANY,11,11,32.184088256594634
HEAT_LOW_T_DHN,GERMANY,11,12,33.55401393800698
HEAT_LOW_T_DHN,GERMANY,12,1,34.985427113050854
HEAT_LOW_T_DHN,GERMANY,12,2,43.96342856454216
HEAT_LOW_T_DHN,GERMANY,12,3,31.39634869288137
HEAT_LOW_T_DHN,GERMANY,12,4,23.980472144515133
HEAT_LOW_T_DHN,GERMANY,12,5,9.958928545429243
HEAT_LOW_T_DHN,GERMANY,12,6,23.89050531601461
HEAT_LOW_T_DHN,GERMANY,12,7,8.784293878964625
HEAT_LOW_T_DHN,GERMANY,12,8,9.601354674296323
HEAT_LOW_T_DHN,GERMANY,12,9,8.779663446842704
HEAT_LOW_T_DHN,GERMANY,12,10,18.826960862890225
HEAT_LOW_T_DHN,GERMANY,12,11,31.528250688780734
HEAT_LOW_T_DHN,GERMANY,12,12,33.002673175352044
HEAT_LOW_T_DHN,GERMANY,13,1,34.47128947744446
HEAT_LOW_T_DHN,GERMANY,13,2,43.2731603227684
HEAT_LOW_T_DHN,GERMANY,13,3,30.952625559542806
HEAT_LOW_T_DHN,GERMANY,13,4,23.962937467388862
HEAT_LOW_T_DHN,GERMANY,13,5,9.9575786075379
HEAT_LOW_T_DHN,GERMANY,13,6,23.873072247116724
HEAT_LOW_T_DHN,GERMANY,13,7,8.784279363503428
HEAT_LOW_T_DHN,GERMANY,13,8,9.600411169318502
HEAT_LOW_T_DHN,GERMANY,13,9,8.779663446842704
HEAT_LOW_T_DHN,GERMANY,13,10,18.815377524854824
HEAT_LOW_T_DHN,GERMANY,13,11,31.22068258147232
HEAT_LOW_T_DHN,GERMANY,13,12,32.52743697575426
HEAT_LOW_T_DHN,GERMANY,14,1,34.44166342114088
HEAT_LOW_T_DHN,GERMANY,14,2,43.23337344362675
HEAT_LOW_T_DHN,GERMANY,14,3,30.927049316913262
HEAT_LOW_T_DHN,GERMANY,14,4,24.142246959558424
HEAT_LOW_T_DHN,GERMANY,14,5,9.97148441936486
HEAT_LOW_T_DHN,GERMANY,14,6,24.051322110618884
HEAT_LOW_T_DHN,GERMANY,14,7,8.784337425348218
HEAT_LOW_T_DHN,GERMANY,14,8,9.61010749739826
HEAT_LOW_T_DHN,GERMANY,14,9,8.779663446842704
HEAT_LOW_T_DHN,GERMANY,14,10,18.933896265530326
HEAT_LOW_T_DHN,GERMANY,14,11,31.226198456727275
HEAT_LOW_T_DHN,GERMANY,14,12,32.500046300475056
HEAT_LOW_T_DHN,GERMANY,15,1,34.74471722001695
HEAT_LOW_T_DHN,GERMANY,15,2,43.64025633644671
HEAT_LOW_T_DHN,GERMANY,15,3,31.188603412226406
HEAT_LOW_T_DHN,GERMANY,15,4,24.71716083119768
HEAT_LOW_T_DHN,GERMANY,15,5,10.016090431623994
HEAT_LOW_T_DHN,GERMANY,15,6,24.622839364337995
HEAT_LOW_T_DHN,GERMANY,15,7,8.784526126343781
HEAT_LOW_T_DHN,GERMANY,15,8,9.641185099821561
HEAT_LOW_T_DHN,GERMANY,15,9,8.779663446842704
HEAT_LOW_T_DHN,GERMANY,15,10,19.31389652421299
HEAT_LOW_T_DHN,GERMANY,15,11,31.578358060833622
HEAT_LOW_T_DHN,GERMANY,15,12,32.780165670659485
HEAT_LOW_T_DHN,GERMANY,16,1,35.71641122348289
HEAT_LOW_T_DHN,GERMANY,16,2,44.944847927010265
HEAT_LOW_T_DHN,GERMANY,16,3,32.027219667436015
HEAT_LOW_T_DHN,GERMANY,16,4,25.28541210614741
HEAT_LOW_T_DHN,GERMANY,16,5,10.060188402741222
HEAT_LOW_T_DHN,GERMANY,16,6,25.187723052289957
HEAT_LOW_T_DHN,GERMANY,16,7,8.784714827339346
HEAT_LOW_T_DHN,GERMANY,16,8,9.671914331176128
HEAT_LOW_T_DHN,GERMANY,16,9,8.7796779623039
HEAT_LOW_T_DHN,GERMANY,16,10,19.689498598152888
HEAT_LOW_T_DHN,GERMANY,16,11,32.564828803798356
HEAT_LOW_T_DHN,GERMANY,16,12,33.67835337862258
HEAT_LOW_T_DHN,GERMANY,17,1,36.676841229059775
HEAT_LOW_T_DHN,GERMANY,17,2,46.23431440700628
HEAT_LOW_T_DHN,GERMANY,17,3,32.85611056364346
HEAT_LOW_T_DHN,GERMANY,17,4,25.796501494902394
HEAT_LOW_T_DHN,GERMANY,17,5,10.099844642732094
HEAT_LOW_T_DHN,GERMANY,17,6,25.695793225115914
HEAT_LOW_T_DHN,GERMANY,17,7,8.784874497412515
HEAT_LOW_T_DHN,GERMANY,17,8,9.699551769295681
HEAT_LOW_T_DHN,GERMANY,17,9,8.7796779623039
HEAT_LOW_T_DHN,GERMANY,17,10,20.027316926596363
HEAT_LOW_T_DHN,GERMANY,17,11,33.527349035787644
HEAT_LOW_T_DHN,GERMANY,17,12,34.56610446998486
HEAT_LOW_T_DHN,GERMANY,18,1,37.5406563249078
HEAT_LOW_T_DHN,GERMANY,18,2,47.39407072574373
HEAT_LOW_T_DHN,GERMANY,18,3,33.601624650733946
HEAT_LOW_T_DHN,GERMANY,18,4,26.020736339477423
HEAT_LOW_T_DHN,GERMANY,18,5,10.11724868070759
HEAT_LOW_T_DHN,GERMANY,18,6,25.918692647260798
HEAT_LOW_T_DHN,GERMANY,18,7,8.7849470747185
HEAT_LOW_T_DHN,GERMANY,18,8,9.71167217939538
HEAT_LOW_T_DHN,GERMANY,18,9,8.7796924777651
HEAT_LOW_T_DHN,GERMANY,18,10,20.175534300881424
HEAT_LOW_T_DHN,GERMANY,18,11,34.24005818057235
HEAT_LOW_T_DHN,GERMANY,18,12,35.36455644406169
HEAT_LOW_T_DHN,GERMANY,19,1,37.91962598584546
HEAT_LOW_T_DHN,GERMANY,19,2,47.902866671629546
HEAT_LOW_T_DHN,GERMANY,19,3,33.92868702243026
HEAT_LOW_T_DHN,GERMANY,19,4,25.654162882402215
HEAT_LOW_T_DHN,GERMANY,19,5,10.088798376760991
HEAT_LOW_T_DHN,GERMANY,19,6,25.554296509365173
HEAT_LOW_T_DHN,GERMANY,19,7,8.784830951028923
HEAT_LOW_T_DHN,GERMANY,19,8,9.691858574861142
HEAT_LOW_T_DHN,GERMANY,19,9,8.7796779623039
HEAT_LOW_T_DHN,GERMANY,19,10,19.933242222577018
HEAT_LOW_T_DHN,GERMANY,19,11,34.70237561970459
HEAT_LOW_T_DHN,GERMANY,19,12,35.71485806913479
HEAT_LOW_T_DHN,GERMANY,20,1,37.30007707102467
HEAT_LOW_T_DHN,GERMANY,20,2,47.071072683182635
HEAT_LOW_T_DHN,GERMANY,20,3,33.39399549376856
HEAT_LOW_T_DHN,GERMANY,20,4,24.059683016268497
HEAT_LOW_T_DHN,GERMANY,20,5,9.965083100976877
HEAT_LOW_T_DHN,GERMANY,20,6,23.969237177548468
HEAT_LOW_T_DHN,GERMANY,20,7,8.784322909887019
HEAT_LOW_T_DHN,GERMANY,20,8,9.605636735349508
HEAT_LOW_T_DHN,GERMANY,20,9,8.779663446842704
HEAT_LOW_T_DHN,GERMANY,20,10,18.879318131428683
HEAT_LOW_T_DHN,GERMANY,20,11,34.36455729126112
HEAT_LOW_T_DHN,GERMANY,20,12,35.1421940939811
HEAT_LOW_T_DHN,GERMANY,21,1,34.605165576066646
HEAT_LOW_T_DHN,GERMANY,21,2,43.452905278773876
HEAT_LOW_T_DHN,GERMANY,21,3,31.068168630672872
HEAT_LOW_T_DHN,GERMANY,21,4,21.46730873920781
HEAT_LOW_T_DHN,GERMANY,21,5,9.763927839705461
HEAT_LOW_T_DHN,GERMANY,21,6,21.392205742973267
HEAT_LOW_T_DHN,GERMANY,21,7,8.783495528598776
HEAT_LOW_T_DHN,GERMANY,21,8,9.465475442028916
HEAT_LOW_T_DHN,GERMANY,21,9,8.779619900459112
HEAT_LOW_T_DHN,GERMANY,21,10,17.165825998938757
HEAT_LOW_T_DHN,GERMANY,21,11,32.061737434163064
HEAT_LOW_T_DHN,GERMANY,21,12,32.65118128246077
HEAT_LOW_T_DHN,GERMANY,22,1,30.223702644600777
HEAT_LOW_T_DHN,GERMANY,22,2,37.57036947397856
HEAT_LOW_T_DHN,GERMANY,22,3,27.2867603496399
HEAT_LOW_T_DHN,GERMANY,22,4,18.74943378463574
HEAT_LOW_T_DHN,GERMANY,22,5,9.553047219431893
HEAT_LOW_T_DHN,GERMANY,22,6,18.69042843486894
HEAT_LOW_T_DHN,GERMANY,22,7,8.78262460092694
HEAT_LOW_T_DHN,GERMANY,22,8,9.318520912868012
HEAT_LOW_T_DHN,GERMANY,22,9,8.779590869536717
HEAT_LOW_T_DHN,GERMANY,22,10,15.369378005706578
HEAT_LOW_T_DHN,GERMANY,22,11,28.120978420106738
HEAT_LOW_T_DHN,GERMANY,22,12,28.601207938356374
HEAT_LOW_T_DHN,GERMANY,23,1,25.63012527865958
HEAT_LOW_T_DHN,GERMANY,23,2,31.4030693514157
HEAT_LOW_T_DHN,GERMANY,23,3,23.32231210290967
HEAT_LOW_T_DHN,GERMANY,23,4,17.576192602446056
HEAT_LOW_T_DHN,GERMANY,23,5,9.462006246802776
HEAT_LOW_T_DHN,GERMANY,23,6,17.524125643131544
HEAT_LOW_T_DHN,GERMANY,23,7,8.782247198935814
HEAT_LOW_T_DHN,GERMANY,23,8,9.255088347436054
HEAT_LOW_T_DHN,GERMANY,23,9,8.779576354075521
HEAT_LOW_T_DHN,GERMANY,23,10,14.593889491243788
HEAT_LOW_T_DHN,GERMANY,23,11,23.990749091042776
HEAT_LOW_T_DHN,GERMANY,23,12,24.355188775322
HEAT_LOW_T_DHN,GERMANY,24,1,23.647168124504002
HEAT_LOW_T_DHN,GERMANY,24,2,28.740759582306687
HEAT_LOW_T_DHN,GERMANY,24,3,21.782381339955197
HEAT_LOW_T_DHN,GERMANY,24,4,17.950328614805034
HEAT_LOW_T_DHN,GERMANY,24,5,9.491037169197265
HEAT_LOW_T_DHN,GERMANY,24,6,17.89605530538854
HEAT_LOW_T_DHN,GERMANY,24,7,8.782377838086587
HEAT_LOW_T_DHN,GERMANY,24,8,9.275308384883816
HEAT_LOW_T_DHN,GERMANY,24,9,8.779576354075521
HEAT_LOW_T_DHN,GERMANY,24,10,14.841189403661243
HEAT_LOW_T_DHN,GERMANY,24,11,22.101677939910985
HEAT_LOW_T_DHN,GERMANY,24,12,22.52226342810114
